{"ecfr_corrections":[{"id":114,"cfr_references":[{"cfr_reference":"15 CFR Part 774","hierarchy":{"title":"15","subtitle":"B","chapter":"VII","subchapter":"C","part":"774"}}],"corrective_action":"Supplement No. 1, Category 3, EAR99, note added","error_corrected":"2006-11-28","error_occurred":"2006-04-24","fr_citation":"71 FR 20888","position":1,"display_in_toc":false,"title":15,"year":2006,"last_modified":"2021-12-22"},{"id":115,"cfr_references":[{"cfr_reference":"15 CFR Part 774","hierarchy":{"title":"15","subtitle":"B","chapter":"VII","subchapter":"C","part":"774"}}],"corrective_action":"Supplement No. 1, Category 7, (ECCN 7A101) reinstated","error_corrected":"2006-07-31","error_occurred":"2005-07-15","fr_citation":"71 FR 43047","position":2,"display_in_toc":false,"title":15,"year":2006,"last_modified":"2021-12-22"},{"id":255,"cfr_references":[{"cfr_reference":"15 CFR Part 740","hierarchy":{"title":"15","subtitle":"B","chapter":"VII","subchapter":"C","part":"740"}}],"corrective_action":"Supplement 1 amended","error_corrected":"2007-10-17","error_occurred":"2000-06-19","fr_citation":"65 FR 38150","position":1,"display_in_toc":false,"title":15,"year":2007,"last_modified":"2021-12-22"},{"id":256,"cfr_references":[{"cfr_reference":"15 CFR 772.1","hierarchy":{"title":"15","subtitle":"B","chapter":"VII","subchapter":"C","part":"772","section":"772.1"}}],"corrective_action":"Amended","error_corrected":"2007-05-18","error_occurred":"2007-05-07","fr_citation":"72 FR 25682","position":2,"display_in_toc":false,"title":15,"year":2007,"last_modified":"2021-12-22"},{"id":257,"cfr_references":[{"cfr_reference":"15 CFR Part 774","hierarchy":{"title":"15","subtitle":"B","chapter":"VII","subchapter":"C","part":"774"}}],"corrective_action":"Supplement 1 amended","error_corrected":"2007-05-18","error_occurred":"2007-05-07","fr_citation":"72 FR 25683","position":3,"display_in_toc":false,"title":15,"year":2007,"last_modified":"2021-12-22"},{"id":258,"cfr_references":[{"cfr_reference":"15 CFR Part 774","hierarchy":{"title":"15","subtitle":"B","chapter":"VII","subchapter":"C","part":"774"}}],"corrective_action":"Supplement 1 amended","error_corrected":"2007-11-07","error_occurred":"2007-11-05","fr_citation":"72 FR 62547","position":4,"display_in_toc":false,"title":15,"year":2007,"last_modified":"2021-12-22"},{"id":259,"cfr_references":[{"cfr_reference":"15 CFR 930.127","hierarchy":{"title":"15","subtitle":"B","chapter":"IX","subchapter":"B","part":"930","subpart":"H","section":"930.127"}}],"corrective_action":"(i)(2) amended","error_corrected":"2007-01-05","error_occurred":"2006-12-19","fr_citation":"71 FR 75865","position":5,"display_in_toc":false,"title":15,"year":2007,"last_modified":"2021-12-22"},{"id":402,"cfr_references":[{"cfr_reference":"15 CFR Part 738","hierarchy":{"title":"15","subtitle":"B","chapter":"VII","subchapter":"C","part":"738"}}],"corrective_action":"Supp. 1 amended","error_corrected":"2008-03-19","error_occurred":"2004-12-29","fr_citation":"69 FR 77892","position":1,"display_in_toc":false,"title":15,"year":2008,"last_modified":"2021-12-22"},{"id":403,"cfr_references":[{"cfr_reference":"15 CFR Part 738","hierarchy":{"title":"15","subtitle":"B","chapter":"VII","subchapter":"C","part":"738"}}],"corrective_action":"Supp. 1 amended","error_corrected":"2008-03-21","error_occurred":"2008-03-19","fr_citation":"73 FR 14687","position":2,"display_in_toc":false,"title":15,"year":2008,"last_modified":"2021-12-22"},{"id":628,"cfr_references":[{"cfr_reference":"15 CFR Part 710","hierarchy":{"title":"15","subtitle":"B","chapter":"VII","subchapter":"B","part":"710"}}],"corrective_action":"Amended","error_corrected":"2009-03-11","error_occurred":"2008-12-22","fr_citation":"73 FR 78182","position":1,"display_in_toc":false,"title":15,"year":2009,"last_modified":"2021-12-22"},{"id":629,"cfr_references":[{"cfr_reference":"15 CFR 720.2","hierarchy":{"title":"15","subtitle":"B","chapter":"VII","subchapter":"B","part":"720","section":"720.2"}}],"corrective_action":"(a) amended","error_corrected":"2009-03-11","error_occurred":"2008-12-22","fr_citation":"73 FR 78183","position":2,"display_in_toc":false,"title":15,"year":2009,"last_modified":"2021-12-22"},{"id":630,"cfr_references":[{"cfr_reference":"15 CFR Part 738","hierarchy":{"title":"15","subtitle":"B","chapter":"VII","subchapter":"C","part":"738"}}],"corrective_action":"Amended","error_corrected":"2009-03-11","error_occurred":"2008-09-02","fr_citation":"73 FR 51218","position":3,"display_in_toc":false,"title":15,"year":2009,"last_modified":"2021-12-22"},{"id":631,"cfr_references":[{"cfr_reference":"15 CFR 744.1","hierarchy":{"title":"15","subtitle":"B","chapter":"VII","subchapter":"C","part":"744","section":"744.1"}}],"corrective_action":"(a)(1) amended","error_corrected":"2009-10-19","error_occurred":"2008-10-15","fr_citation":"74 FR 52884","position":4,"display_in_toc":false,"title":15,"year":2009,"last_modified":"2021-12-22"},{"id":632,"cfr_references":[{"cfr_reference":"15 CFR Part 744","hierarchy":{"title":"15","subtitle":"B","chapter":"VII","subchapter":"C","part":"744"}}],"corrective_action":"Amended","error_corrected":"2009-03-11","error_occurred":"2008-01-02","fr_citation":"73 FR 36","position":5,"display_in_toc":false,"title":15,"year":2009,"last_modified":"2021-12-22"},{"id":633,"cfr_references":[{"cfr_reference":"15 CFR Part 744","hierarchy":{"title":"15","subtitle":"B","chapter":"VII","subchapter":"C","part":"744"}}],"corrective_action":"Amended","error_corrected":"2009-03-11","error_occurred":"2008-12-05","fr_citation":"73 FR 74001","position":6,"display_in_toc":false,"title":15,"year":2009,"last_modified":"2021-12-22"},{"id":634,"cfr_references":[{"cfr_reference":"15 CFR 750.7","hierarchy":{"title":"15","subtitle":"B","chapter":"VII","subchapter":"C","part":"750","section":"750.7"}}],"corrective_action":"(b)(2) revised","error_corrected":"2009-03-11","error_occurred":"2008-10-03","fr_citation":"73 FR 57510","position":7,"display_in_toc":false,"title":15,"year":2009,"last_modified":"2021-12-22"},{"id":635,"cfr_references":[{"cfr_reference":"15 CFR 752.5","hierarchy":{"title":"15","section":"752.5"}}],"corrective_action":"(a)(8)(i) amended","error_corrected":"2009-03-11","error_occurred":"2008-11-18","fr_citation":"73 FR 68327","position":8,"display_in_toc":false,"title":15,"year":2009,"last_modified":"2021-12-22"},{"id":636,"cfr_references":[{"cfr_reference":"15 CFR 772.1","hierarchy":{"title":"15","subtitle":"B","chapter":"VII","subchapter":"C","part":"772","section":"772.1"}}],"corrective_action":"Amended","error_corrected":"2009-03-11","error_occurred":"2008-10-14","fr_citation":"73 FR 60920","position":9,"display_in_toc":false,"title":15,"year":2009,"last_modified":"2021-12-22"},{"id":637,"cfr_references":[{"cfr_reference":"15 CFR Part 774","hierarchy":{"title":"15","subtitle":"B","chapter":"VII","subchapter":"C","part":"774"}}],"corrective_action":"Amended","error_corrected":"2009-03-11","error_occurred":"2008-11-18","fr_citation":"73 FR 68327","position":10,"display_in_toc":false,"title":15,"year":2009,"last_modified":"2021-12-22"},{"id":638,"cfr_references":[{"cfr_reference":"15 CFR Part 774","hierarchy":{"title":"15","subtitle":"B","chapter":"VII","subchapter":"C","part":"774"}}],"corrective_action":"Amended","error_corrected":"2009-03-11","error_occurred":"2008-10-06","fr_citation":"73 FR 58037","position":11,"display_in_toc":false,"title":15,"year":2009,"last_modified":"2021-12-22"},{"id":639,"cfr_references":[{"cfr_reference":"15 CFR Part 774","hierarchy":{"title":"15","subtitle":"B","chapter":"VII","subchapter":"C","part":"774"}}],"corrective_action":"Amended","error_corrected":"2009-03-11","error_occurred":"2008-10-14","fr_citation":"73 FR 60922","position":12,"display_in_toc":false,"title":15,"year":2009,"last_modified":"2021-12-22"},{"id":640,"cfr_references":[{"cfr_reference":"15 CFR Part 774","hierarchy":{"title":"15","subtitle":"B","chapter":"VII","subchapter":"C","part":"774"}}],"corrective_action":"Amended","error_corrected":"2009-03-11","error_occurred":"2008-10-14","fr_citation":"73 FR 60923","position":13,"display_in_toc":false,"title":15,"year":2009,"last_modified":"2021-12-22"},{"id":834,"cfr_references":[{"cfr_reference":"15 CFR 774.1","hierarchy":{"title":"15","subtitle":"B","chapter":"VII","subchapter":"C","part":"774","section":"774.1"}}],"corrective_action":"(a)(1) fourteenth sentence removed","error_corrected":"2010-06-10","error_occurred":"2010-06-04","fr_citation":"75 FR 31681","position":1,"display_in_toc":false,"title":15,"year":2010,"last_modified":"2021-12-22"},{"id":975,"cfr_references":[{"cfr_reference":"15 CFR 743.1","hierarchy":{"title":"15","subtitle":"B","chapter":"VII","subchapter":"C","part":"743","section":"743.1"}}],"corrective_action":"(c)(1)(vii) removed and reserved","error_corrected":"2011-06-06","error_occurred":"2011-05-20","fr_citation":"76 FR 29619","position":1,"display_in_toc":false,"title":15,"year":2011,"last_modified":"2021-12-22"},{"id":976,"cfr_references":[{"cfr_reference":"15 CFR Part 748","hierarchy":{"title":"15","subtitle":"B","chapter":"VII","subchapter":"C","part":"748"}}],"corrective_action":"Redesignated paragraph (iii) that followed paragraph (a)(6)(vi)(B)(2) as paragraph (a)(6)(vi)(C)","error_corrected":"2011-09-23","error_occurred":"2011-09-21","fr_citation":"76 FR 58397","position":2,"display_in_toc":false,"title":15,"year":2011,"last_modified":"2021-12-22"},{"id":977,"cfr_references":[{"cfr_reference":"15 CFR Part 774","hierarchy":{"title":"15","subtitle":"B","chapter":"VII","subchapter":"C","part":"774"}}],"corrective_action":"Amended","error_corrected":"2011-06-06","error_occurred":"2011-05-20","fr_citation":"76 FR 29620","position":3,"display_in_toc":false,"title":15,"year":2011,"last_modified":"2021-12-22"},{"id":978,"cfr_references":[{"cfr_reference":"15 CFR Part 774","hierarchy":{"title":"15","subtitle":"B","chapter":"VII","subchapter":"C","part":"774"}}],"corrective_action":"ECCN 1C010 Amended","error_corrected":"2011-12-12","error_occurred":"2011-05-20","fr_citation":"76 FR 29620","position":4,"display_in_toc":false,"title":15,"year":2011,"last_modified":"2021-12-22"},{"id":1140,"cfr_references":[{"cfr_reference":"15 CFR Part 748","hierarchy":{"title":"15","subtitle":"B","chapter":"VII","subchapter":"C","part":"748"}}],"corrective_action":"Amended","error_corrected":"2012-05-11","error_occurred":"2012-02-24","fr_citation":"77 FR 10956","position":1,"display_in_toc":false,"title":15,"year":2012,"last_modified":"2021-12-22"},{"id":1141,"cfr_references":[{"cfr_reference":"15 CFR Part 774","hierarchy":{"title":"15","subtitle":"B","chapter":"VII","subchapter":"C","part":"774"}}],"corrective_action":"ECCN 5B001.b.5 removed","error_corrected":"2012-10-01","error_occurred":"2012-07-02","fr_citation":"77 FR 39382","position":2,"display_in_toc":false,"title":15,"year":2012,"last_modified":"2021-12-22"},{"id":1142,"cfr_references":[{"cfr_reference":"15 CFR Part 774","hierarchy":{"title":"15","subtitle":"B","chapter":"VII","subchapter":"C","part":"774"}}],"corrective_action":"ECCN 0A988 amended","error_corrected":"2012-10-23","error_occurred":"2012-07-23","fr_citation":"77 FR 42976","position":3,"display_in_toc":false,"title":15,"year":2012,"last_modified":"2021-12-22"},{"id":1271,"cfr_references":[{"cfr_reference":"15 CFR Part 740","hierarchy":{"title":"15","subtitle":"B","chapter":"VII","subchapter":"C","part":"740"}}],"corrective_action":"Amended","error_corrected":"2013-11-13","error_occurred":"2012-10-15","fr_citation":"78 FR 22720","position":1,"display_in_toc":false,"title":15,"year":2013,"last_modified":"2021-12-22"},{"id":1272,"cfr_references":[{"cfr_reference":"15 CFR Part 740","hierarchy":{"title":"15","subtitle":"B","chapter":"VII","subchapter":"C","part":"740"}}],"corrective_action":"Table B reinstated","error_corrected":"2013-11-01","error_occurred":"2012-10-15","fr_citation":"78 FR 22720","position":2,"display_in_toc":false,"title":15,"year":2013,"last_modified":"2021-12-22"},{"id":1273,"cfr_references":[{"cfr_reference":"15 CFR Part 744","hierarchy":{"title":"15","subtitle":"B","chapter":"VII","subchapter":"C","part":"744"}}],"corrective_action":"4A003 amended","error_corrected":"2013-02-19","error_occurred":"2012-07-02","fr_citation":"77 FR 39374","position":3,"display_in_toc":false,"title":15,"year":2013,"last_modified":"2021-12-22"},{"id":1274,"cfr_references":[{"cfr_reference":"15 CFR Part 748","hierarchy":{"title":"15","subtitle":"B","chapter":"VII","subchapter":"C","part":"748"}}],"corrective_action":"Amended","error_corrected":"2013-11-22","error_occurred":"2013-11-20","fr_citation":"78 FR 69535","position":4,"display_in_toc":false,"title":15,"year":2013,"last_modified":"2021-12-22"},{"id":1508,"cfr_references":[{"cfr_reference":"15 CFR 740.2","hierarchy":{"title":"15","subtitle":"B","chapter":"VII","subchapter":"C","part":"740","section":"740.2"}}],"corrective_action":"(a)(13)(v) revised","error_corrected":"2014-06-23","error_occurred":"2014-06-05","fr_citation":"79 FR 32623","position":1,"display_in_toc":false,"title":15,"year":2014,"last_modified":"2021-12-22"},{"id":1509,"cfr_references":[{"cfr_reference":"15 CFR 740.2","hierarchy":{"title":"15","subtitle":"B","chapter":"VII","subchapter":"C","part":"740","section":"740.2"}}],"corrective_action":"(a)(5)(i) paragraph designation restored","error_corrected":"2014-08-06","error_occurred":"2014-06-27","fr_citation":"79 FR 27435","position":2,"display_in_toc":false,"title":15,"year":2014,"last_modified":"2021-12-22"},{"id":1510,"cfr_references":[{"cfr_reference":"15 CFR 740.10","hierarchy":{"title":"15","subtitle":"B","chapter":"VII","subchapter":"C","part":"740","section":"740.10"}}],"corrective_action":"(a)(2)(ii), 2nd sentence removed","error_corrected":"2014-06-24","error_occurred":"2013-10-04","fr_citation":"78 FR 61901","position":3,"display_in_toc":false,"title":15,"year":2014,"last_modified":"2021-12-22"},{"id":1511,"cfr_references":[{"cfr_reference":"15 CFR Part 744","hierarchy":{"title":"15","subtitle":"B","chapter":"VII","subchapter":"C","part":"744"}}],"corrective_action":"Supp. 4 amended","error_corrected":"2014-06-26","error_occurred":"2013-12-12","fr_citation":"78 FR 75463","position":4,"display_in_toc":false,"title":15,"year":2014,"last_modified":"2021-12-22"},{"id":1512,"cfr_references":[{"cfr_reference":"15 CFR Part 774","hierarchy":{"title":"15","subtitle":"B","chapter":"VII","subchapter":"C","part":"774"}}],"corrective_action":"ECCN 0D001 amended","error_corrected":"2014-06-23","error_occurred":"2014-06-05","fr_citation":"79 FR 32628","position":5,"display_in_toc":false,"title":15,"year":2014,"last_modified":"2021-12-22"},{"id":1513,"cfr_references":[{"cfr_reference":"15 CFR Part 774","hierarchy":{"title":"15","subtitle":"B","chapter":"VII","subchapter":"C","part":"774"}}],"corrective_action":"ECCN 0E001 amended","error_corrected":"2014-06-23","error_occurred":"2014-06-05","fr_citation":"79 FR 32628","position":6,"display_in_toc":false,"title":15,"year":2014,"last_modified":"2021-12-22"},{"id":1514,"cfr_references":[{"cfr_reference":"15 CFR Part 774","hierarchy":{"title":"15","subtitle":"B","chapter":"VII","subchapter":"C","part":"774"}}],"corrective_action":"ECCN 1A004 amended","error_corrected":"2014-06-23","error_occurred":"2014-06-05","fr_citation":"79 FR 32629","position":7,"display_in_toc":false,"title":15,"year":2014,"last_modified":"2021-12-22"},{"id":1515,"cfr_references":[{"cfr_reference":"15 CFR Part 774","hierarchy":{"title":"15","subtitle":"B","chapter":"VII","subchapter":"C","part":"774"}}],"corrective_action":"ECCN 1B018 amended","error_corrected":"2014-11-10","error_occurred":"2014-07-01","fr_citation":"79 FR 286","position":8,"display_in_toc":false,"title":15,"year":2014,"last_modified":"2021-12-22"},{"id":1516,"cfr_references":[{"cfr_reference":"15 CFR Part 774","hierarchy":{"title":"15","subtitle":"B","chapter":"VII","subchapter":"C","part":"774"}}],"corrective_action":"ECCN 8A992 amended","error_corrected":"2014-06-23","error_occurred":"2014-06-05","fr_citation":"79 FR 32631","position":9,"display_in_toc":false,"title":15,"year":2014,"last_modified":"2021-12-22"},{"id":1517,"cfr_references":[{"cfr_reference":"15 CFR Part 774","hierarchy":{"title":"15","subtitle":"B","chapter":"VII","subchapter":"C","part":"774"}}],"corrective_action":"ECCN 9A990 amended","error_corrected":"2014-06-23","error_occurred":"2014-06-05","fr_citation":"79 FR 32631","position":10,"display_in_toc":false,"title":15,"year":2014,"last_modified":"2021-12-22"},{"id":1675,"cfr_references":[{"cfr_reference":"15 CFR 770.2","hierarchy":{"title":"15","subtitle":"B","chapter":"VII","subchapter":"C","part":"770","section":"770.2"}}],"corrective_action":"(k) reinstated","error_corrected":"2015-03-05","error_occurred":"2014-01-06","fr_citation":"78 FR 40911","position":1,"display_in_toc":false,"title":15,"year":2015,"last_modified":"2021-12-22"},{"id":1676,"cfr_references":[{"cfr_reference":"15 CFR Part 774","hierarchy":{"title":"15","subtitle":"B","chapter":"VII","subchapter":"C","part":"774"}}],"corrective_action":"ECCN 9A604, (f) introductory text added","error_corrected":"2015-04-20","error_occurred":"2015-04-07","fr_citation":"80 FR 18525","position":2,"display_in_toc":false,"title":15,"year":2015,"last_modified":"2021-12-22"},{"id":1677,"cfr_references":[{"cfr_reference":"15 CFR 922.110","hierarchy":{"title":"15","subtitle":"B","chapter":"IX","subchapter":"B","part":"922","subpart":"K","section":"922.110"}}],"corrective_action":"Amended","error_corrected":"2015-06-22","error_occurred":"2015-06-15","fr_citation":"80 FR 34048","position":3,"display_in_toc":false,"title":15,"year":2015,"last_modified":"2021-12-22"},{"id":1857,"cfr_references":[{"cfr_reference":"15 CFR 701.2","hierarchy":{"title":"15","subtitle":"B","chapter":"VII","subchapter":"A","part":"701","section":"701.2"}}],"corrective_action":"(a) and (b) revised","error_corrected":"2016-04-05","error_occurred":"2016-03-31","fr_citation":"81 FR 10474","position":1,"display_in_toc":false,"title":15,"year":2016,"last_modified":"2021-12-22"},{"id":1858,"cfr_references":[{"cfr_reference":"15 CFR 701.3","hierarchy":{"title":"15","subtitle":"B","chapter":"VII","subchapter":"A","part":"701","section":"701.3"}}],"corrective_action":"(a) revised","error_corrected":"2016-04-05","error_occurred":"2016-03-31","fr_citation":"81 FR 10474","position":2,"display_in_toc":false,"title":15,"year":2016,"last_modified":"2021-12-22"},{"id":1859,"cfr_references":[{"cfr_reference":"15 CFR Part 774","hierarchy":{"title":"15","subtitle":"B","chapter":"VII","subchapter":"C","part":"774"}}],"corrective_action":"ECCN 2B006 amended","error_corrected":"2016-09-30","error_occurred":"2016-09-20","fr_citation":"81 FR 64681","position":3,"display_in_toc":false,"title":15,"year":2016,"last_modified":"2021-12-22"},{"id":2016,"cfr_references":[{"cfr_reference":"15 CFR Part 27","hierarchy":{"title":"15","subtitle":"A","part":"27"}}],"corrective_action":"Removing revised part, adding link","error_corrected":"2017-01-27","error_occurred":"2017-01-19","fr_citation":"82 FR 7270","position":1,"display_in_toc":false,"title":15,"year":2017,"last_modified":"2021-12-22"},{"id":2017,"cfr_references":[{"cfr_reference":"15 CFR 740.14","hierarchy":{"title":"15","subtitle":"B","chapter":"VII","subchapter":"C","part":"740","section":"740.14"}}],"corrective_action":"(h)(1) and (2) revised","error_corrected":"2017-03-06","error_occurred":"2016-12-31","fr_citation":"81 FR 49528","position":2,"display_in_toc":false,"title":15,"year":2017,"last_modified":"2021-12-22"},{"id":2018,"cfr_references":[{"cfr_reference":"15 CFR 740.21","hierarchy":{"title":"15","subtitle":"B","chapter":"VII","subchapter":"C","part":"740","section":"740.21"}}],"corrective_action":"(b)(1) reinstated","error_corrected":"2017-03-06","error_occurred":"2016-12-31","fr_citation":"81 FR 70332","position":3,"display_in_toc":false,"title":15,"year":2017,"last_modified":"2021-12-22"},{"id":2019,"cfr_references":[{"cfr_reference":"15 CFR Part 902","hierarchy":{"title":"15","subtitle":"B","chapter":"IX","subchapter":"A","part":"902"}}],"corrective_action":"Staying amendments published Dec. 28, 2016 until Mar. 12, 2017","error_corrected":"2017-02-01","error_occurred":"2017-01-31","fr_citation":"82 FR 8810","position":4,"display_in_toc":false,"title":15,"year":2017,"last_modified":"2021-12-22"},{"id":2592,"cfr_references":[{"cfr_reference":"15 CFR Part 744","hierarchy":{"title":"15","subtitle":"B","chapter":"VII","subchapter":"C","part":"744"}}],"corrective_action":"Supp. No. 1, 3E101 reinstated","error_corrected":"2020-09-17","error_occurred":"2020-09-11","fr_citation":"85 FR 56314","position":1,"display_in_toc":false,"title":15,"year":2020,"last_modified":"2021-12-22"},{"id":2593,"cfr_references":[{"cfr_reference":"15 CFR Part 744","hierarchy":{"title":"15","subtitle":"B","chapter":"VII","subchapter":"C","part":"744"}}],"corrective_action":"Supp. No. 4 footnote 1 added","error_corrected":"2020-05-21","error_occurred":"2020-05-19","fr_citation":"85 FR 29852","position":2,"display_in_toc":false,"title":15,"year":2020,"last_modified":"2021-12-22"},{"id":2594,"cfr_references":[{"cfr_reference":"15 CFR Part 744","hierarchy":{"title":"15","subtitle":"B","chapter":"VII","subchapter":"C","part":"744"}}],"corrective_action":"Supp. No. 4, Huawei OpenLab correctly added under TURKEY","error_corrected":"2020-10-20","error_occurred":"2020-08-20","fr_citation":"85 FR 51603","position":3,"display_in_toc":false,"title":15,"year":2020,"last_modified":"2021-12-22"},{"id":3780,"cfr_references":[{"cfr_reference":"15 CFR 922.48","hierarchy":{"title":"15","subtitle":"B","chapter":"IX","subchapter":"B","part":"922","subpart":"E","section":"922.48"}}],"corrective_action":"Revised\r\n\r\n\r\n                                     \r\n\r\n\r\n\r\n\r\n\r\n\r\n\r\n\r\n","error_corrected":"2022-08-22","error_occurred":"2021-08-17","fr_citation":"86 FR 32753","position":1,"display_in_toc":false,"title":15,"year":2022,"last_modified":"2022-08-23"},{"id":3781,"cfr_references":[{"cfr_reference":"15 CFR 922.49","hierarchy":{"title":"15","subtitle":"B","chapter":"IX","subchapter":"B","part":"922","subpart":"E","section":"922.49"}}],"corrective_action":"Revised","error_corrected":"2022-08-22","error_occurred":"2021-08-17","fr_citation":"86 FR 32753","position":2,"display_in_toc":false,"title":15,"year":2022,"last_modified":"2022-08-23"},{"id":3885,"cfr_references":[{"cfr_reference":"15 CFR 746.10","hierarchy":{"title":"15","subtitle":"B","chapter":"VII","subchapter":"C","part":"746","section":"746.10"}}],"corrective_action":"(a)(1) reinstated","error_corrected":"2023-03-14","error_occurred":"2023-02-27","fr_citation":"88 FR 12181","position":1,"display_in_toc":false,"title":15,"year":2023,"last_modified":"2023-03-15"},{"id":3901,"cfr_references":[{"cfr_reference":"15 CFR Supplement No. 4 to Part 744","hierarchy":{"title":"15","subtitle":"B","chapter":"VII","subchapter":"C","part":"744","appendix":"Supplement No. 4 to Part 744"}}],"corrective_action":"Entry for Sichuan Zhonghe Import and Export Trade Co. Ltd restored under China","error_corrected":"2023-04-26","error_occurred":"2023-03-06","fr_citation":"88 FR 13675","position":2,"display_in_toc":false,"title":15,"year":2023,"last_modified":"2023-05-26"},{"id":3883,"cfr_references":[{"cfr_reference":"15 CFR Supplement No. 3 to Part 746","hierarchy":{"title":"15","subtitle":"B","chapter":"VII","subchapter":"C","part":"746","appendix":"Supplement No. 3 to Part 746"}}],"corrective_action":"Amended","error_corrected":"2023-03-13","error_occurred":"2023-02-27","fr_citation":"88 FR 12183","position":3,"display_in_toc":false,"title":15,"year":2023,"last_modified":"2023-05-26"},{"id":3880,"cfr_references":[{"cfr_reference":"15 CFR Supplement No. 6 to Part 746","hierarchy":{"title":"15","subtitle":"B","chapter":"VII","subchapter":"C","part":"746","appendix":"Supplement No. 6 to Part 746"}}],"corrective_action":"Paragraphs (f)(24) through (f)(26) removed","error_corrected":"2023-03-07","error_occurred":"2023-02-27","fr_citation":"88 FR 12204","position":4,"display_in_toc":false,"title":15,"year":2023,"last_modified":"2023-05-26"},{"id":4001,"cfr_references":[{"cfr_reference":"15 CFR Supplement No. 7 to Part 748","hierarchy":{"title":"15","subtitle":"B","chapter":"VII","subchapter":"C","part":"748","appendix":"Supplement No. 7 to Part 748"}}],"corrective_action":"Sk hynix Semiconductor (Wuxi) Ltd. correctly reinstated","error_corrected":"2023-10-25","error_occurred":"2023-10-17","fr_citation":"88 FR 71480","position":5,"display_in_toc":false,"title":15,"year":2023,"last_modified":"2023-10-26"},{"id":3882,"cfr_references":[{"cfr_reference":"15 CFR Supplement No. 1 to Part 774","hierarchy":{"title":"15","subtitle":"B","chapter":"VII","subchapter":"C","part":"774","appendix":"Supplement No. 1 to Part 774"}}],"corrective_action":"Amended","error_corrected":"2023-03-10","error_occurred":"2023-02-24","fr_citation":"88 FR 12112","position":6,"display_in_toc":false,"title":15,"year":2023,"last_modified":"2023-10-26"},{"id":4003,"cfr_references":[{"cfr_reference":"15 CFR Supplement No. 7 to Part 748","hierarchy":{"title":"15","subtitle":"B","chapter":"VII","subchapter":"C","part":"748","appendix":"Supplement No. 7 to Part 748"}}],"corrective_action":"Sk hynix Semiconductor (Wuxi) Ltd. correctly reinstated, correctly","error_corrected":"2023-11-01","error_occurred":"2023-10-17","fr_citation":"88 FR 71480","position":7,"display_in_toc":false,"title":15,"year":2023,"last_modified":"2023-11-02"},{"id":3945,"cfr_references":[{"cfr_reference":"15 CFR 922.122","hierarchy":{"title":"15","subtitle":"B","chapter":"IX","subchapter":"B","part":"922","subpart":"L","section":"922.122"}}],"corrective_action":"Paragraphs (a)(7), (8), and (g) corrected","error_corrected":"2023-06-30","error_occurred":"2023-04-07","fr_citation":"88 FR 19827","position":8,"display_in_toc":false,"title":15,"year":2023,"last_modified":"2023-11-02"},{"id":3946,"cfr_references":[{"cfr_reference":"15 CFR 922.123","hierarchy":{"title":"15","subtitle":"B","chapter":"IX","subchapter":"B","part":"922","subpart":"L","section":"922.123"}}],"corrective_action":"Corrected","error_corrected":"2023-06-30","error_occurred":"2023-04-07","fr_citation":"88 FR 19827","position":9,"display_in_toc":false,"title":15,"year":2023,"last_modified":"2023-11-02"},{"id":3947,"cfr_references":[{"cfr_reference":"15 CFR Appendix A to Subpart R of Part 922","hierarchy":{"title":"15","subtitle":"B","chapter":"IX","subchapter":"B","part":"922","subpart":"R","appendix":"Appendix A to Subpart R of Part 922"}}],"corrective_action":"Corrected","error_corrected":"2023-06-30","error_occurred":"2023-04-07","fr_citation":"88 FR 19828","position":10,"display_in_toc":false,"title":15,"year":2023,"last_modified":"2023-11-02"},{"id":4249,"cfr_references":[{"cfr_reference":"15 CFR Part 744, Supp. No. 4","hierarchy":{"title":"15","subtitle":"B","chapter":"VII","subchapter":"C","appendix":"Part 744, Supp. No. 4"}}],"corrective_action":"3 dates corrected","error_corrected":"2024-12-18","error_occurred":"2024-12-11","fr_citation":"89 FR 99703","position":1,"display_in_toc":false,"title":15,"year":2024,"last_modified":"2024-12-19"},{"id":4250,"cfr_references":[{"cfr_reference":"15 CFR Part 744, Supp. No. 4","hierarchy":{"title":"15","appendix":"Part 744, Supp. No. 4"}}],"corrective_action":"Southwest Research Institute of Electronics Technology reinstated","error_corrected":"2024-12-18","error_occurred":"2024-12-05","fr_citation":"89 FR 96836","position":2,"display_in_toc":false,"title":15,"year":2024,"last_modified":"2024-12-19"},{"id":4242,"cfr_references":[{"cfr_reference":"15 CFR Supp. No. 7 to part 748","hierarchy":{"title":"15","part":"748","appendix":"Supp. No. 7 to part 748"}}],"corrective_action":"CSMC Technologies Corporation correctly removed","error_corrected":"2024-12-06","error_occurred":"2024-12-05","fr_citation":"89 FR 96854","position":3,"display_in_toc":false,"title":15,"year":2024,"last_modified":"2024-12-19"},{"id":4192,"cfr_references":[{"cfr_reference":"15 CFR Part 922","hierarchy":{"title":"15","subtitle":"B","chapter":"IX","subchapter":"B","part":"922"}}],"corrective_action":"Subpart U, Appendix B correctly added","error_corrected":"2024-08-06","error_occurred":"2024-07-23","fr_citation":"89 FR 48287","position":4,"display_in_toc":false,"title":15,"year":2024,"last_modified":"2024-12-19"},{"id":4282,"cfr_references":[{"cfr_reference":"15 CFR 400.21--400.23","hierarchy":{"title":"15","section":"400.21--400.23"}},{"cfr_reference":"15 CFR 400.25","hierarchy":{"title":"15","subtitle":"B","chapter":"IV","part":"400","subpart":"C","section":"400.25"}},{"cfr_reference":"15 CFR 400.43","hierarchy":{"title":"15","subtitle":"B","chapter":"IV","part":"400","subpart":"E","section":"400.43"}}],"corrective_action":"OMB approval","error_corrected":"2025-01-24","error_occurred":"2024-02-08","fr_citation":"90 FR 8525","position":1,"display_in_toc":false,"title":15,"year":2025,"last_modified":"2025-01-27"},{"id":4299,"cfr_references":[{"cfr_reference":"15 CFR 734.9","hierarchy":{"title":"15","subtitle":"B","chapter":"VII","subchapter":"C","part":"734","section":"734.9"}}],"corrective_action":"(g) Note 4 corrected","error_corrected":"2025-02-25","error_occurred":"2025-01-16","fr_citation":"90 FR 5298","position":2,"display_in_toc":false,"title":15,"year":2025,"last_modified":"2025-02-26"},{"id":4278,"cfr_references":[{"cfr_reference":"15 CFR 742.6","hierarchy":{"title":"15","subtitle":"B","chapter":"VII","subchapter":"C","part":"742","section":"742.6"}}],"corrective_action":"(b)(10)(iv) accidentally added, now removed","error_corrected":"2025-01-22","error_occurred":"2025-01-15","fr_citation":"90 FR 4561","position":3,"display_in_toc":false,"title":15,"year":2025,"last_modified":"2025-02-26"},{"id":4281,"cfr_references":[{"cfr_reference":"15 CFR Part 774","hierarchy":{"title":"15","subtitle":"B","chapter":"VII","subchapter":"C","part":"774"}}],"corrective_action":"Supp. No. 1-- ECCN 3C001 reinstated","error_corrected":"2025-01-24","error_occurred":"2025-01-16","fr_citation":"90 FR 5314","position":4,"display_in_toc":false,"title":15,"year":2025,"last_modified":"2025-02-26"},{"id":4308,"cfr_references":[{"cfr_reference":"15 CFR 922.232","hierarchy":{"title":"15","subtitle":"B","chapter":"IX","subchapter":"B","part":"922","subpart":"V","section":"922.232"}}],"corrective_action":"(a)(2)(i)(H) corrected","error_corrected":"2025-03-17","error_occurred":"2024-12-02","fr_citation":"89 FR 85394","position":5,"display_in_toc":false,"title":15,"year":2025,"last_modified":"2025-03-18"},{"id":4309,"cfr_references":[{"cfr_reference":"15 CFR 922.232","hierarchy":{"title":"15","subtitle":"B","chapter":"IX","subchapter":"B","part":"922","subpart":"V","section":"922.232"}}],"corrective_action":"(c)(1) corrected","error_corrected":"2025-03-17","error_occurred":"2024-12-02","fr_citation":"89 FR 85394","position":6,"display_in_toc":false,"title":15,"year":2025,"last_modified":"2025-03-18"}]}