{"ecfr_corrections":[{"id":68,"cfr_references":[{"cfr_reference":"50 CFR 32.42","hierarchy":{"title":"50","chapter":"I","subchapter":"C","part":"32","subpart":"B","section":"32.42"}}],"corrective_action":"Amended","error_corrected":"2005-10-18","error_occurred":"2005-09-13","fr_citation":"70 FR 54178","position":1,"display_in_toc":false,"title":50,"year":2005,"last_modified":"2021-12-22"},{"id":69,"cfr_references":[{"cfr_reference":"50 CFR 32.53","hierarchy":{"title":"50","chapter":"I","subchapter":"C","part":"32","subpart":"B","section":"32.53"}}],"corrective_action":"Amended","error_corrected":"2005-10-18","error_occurred":"2005-09-13","fr_citation":"70 FR 54185","position":2,"display_in_toc":false,"title":50,"year":2005,"last_modified":"2021-12-22"},{"id":70,"cfr_references":[{"cfr_reference":"50 CFR 32.61","hierarchy":{"title":"50","chapter":"I","subchapter":"C","part":"32","subpart":"B","section":"32.61"}}],"corrective_action":"Amended","error_corrected":"2005-10-18","error_occurred":"2005-09-13","fr_citation":"70 FR 54190","position":3,"display_in_toc":false,"title":50,"year":2005,"last_modified":"2021-12-22"},{"id":71,"cfr_references":[{"cfr_reference":"50 CFR 635.27","hierarchy":{"title":"50","chapter":"VI","part":"635","subpart":"C","section":"635.27"}}],"corrective_action":"Superseded (b)(1)(vi)(B) removed","error_corrected":"2005-06-22","error_occurred":"2005-01-01","fr_citation":"69 FR 69544","position":4,"display_in_toc":false,"title":50,"year":2005,"last_modified":"2021-12-22"},{"id":72,"cfr_references":[{"cfr_reference":"50 CFR Part 660","hierarchy":{"title":"50","chapter":"VI","part":"660"}}],"corrective_action":"Subpart G, table 2 revised","error_corrected":"2005-11-22","error_occurred":"2005-05-16","fr_citation":"70 FR 25789","position":5,"display_in_toc":false,"title":50,"year":2005,"last_modified":"2021-12-22"},{"id":73,"cfr_references":[{"cfr_reference":"50 CFR 679.5","hierarchy":{"title":"50","chapter":"VI","part":"679","subpart":"A","section":"679.5"}}],"corrective_action":"(l) introductory text revised","error_corrected":"2005-11-22","error_occurred":"2005-03-02","fr_citation":"70 FR 10237","position":6,"display_in_toc":false,"title":50,"year":2005,"last_modified":"2021-12-22"},{"id":74,"cfr_references":[{"cfr_reference":"50 CFR 679.22","hierarchy":{"title":"50","chapter":"VI","part":"679","subpart":"B","section":"679.22"}}],"corrective_action":"(b)(5) reinstated","error_corrected":"2005-09-07","error_occurred":"2004-10-01","fr_citation":"70 FR 53312","position":7,"display_in_toc":false,"title":50,"year":2005,"last_modified":"2021-12-22"},{"id":226,"cfr_references":[{"cfr_reference":"50 CFR 20.21","hierarchy":{"title":"50","chapter":"I","subchapter":"B","part":"20","subpart":"C","section":"20.21"}}],"corrective_action":"(j)(1) revised","error_corrected":"2006-08-21","error_occurred":"2005-09-22","fr_citation":"70 FR 49196","position":1,"display_in_toc":false,"title":50,"year":2006,"last_modified":"2021-12-22"},{"id":227,"cfr_references":[{"cfr_reference":"50 CFR 223.102","hierarchy":{"title":"50","chapter":"II","subchapter":"C","part":"223","subpart":"A","section":"223.102"}}],"corrective_action":"Revised","error_corrected":"2006-06-21","error_occurred":"2006-06-08","fr_citation":"71 FR 26861","position":2,"display_in_toc":false,"title":50,"year":2006,"last_modified":"2021-12-22"},{"id":228,"cfr_references":[{"cfr_reference":"50 CFR 300.65","hierarchy":{"title":"50","chapter":"III","part":"300","subpart":"E","section":"300.65"}}],"corrective_action":"(g)(2) revised","error_corrected":"2006-02-01","error_occurred":"2005-04-01","fr_citation":"70 FR 16751","position":3,"display_in_toc":false,"title":50,"year":2006,"last_modified":"2021-12-22"},{"id":229,"cfr_references":[{"cfr_reference":"50 CFR 660.1","hierarchy":{"title":"50","chapter":"VI","part":"660","subpart":"A","section":"660.1"}}],"corrective_action":"(a) revised","error_corrected":"2006-04-20","error_occurred":"2006-04-10","fr_citation":"71 FR 17989","position":4,"display_in_toc":false,"title":50,"year":2006,"last_modified":"2021-12-22"},{"id":230,"cfr_references":[{"cfr_reference":"50 CFR 660.3","hierarchy":{"title":"50","chapter":"VI","part":"660","subpart":"A","section":"660.3"}}],"corrective_action":"(a) revised","error_corrected":"2006-04-20","error_occurred":"2006-04-10","fr_citation":"71 FR 17989","position":5,"display_in_toc":false,"title":50,"year":2006,"last_modified":"2021-12-22"},{"id":231,"cfr_references":[{"cfr_reference":"50 CFR 665.11","hierarchy":{"title":"50","section":"665.11"}}],"corrective_action":"(b) and (c) corrected","error_corrected":"2006-04-20","error_occurred":"2006-04-10","fr_citation":"71 FR 17989","position":6,"display_in_toc":false,"title":50,"year":2006,"last_modified":"2021-12-22"},{"id":232,"cfr_references":[{"cfr_reference":"50 CFR 665.14","hierarchy":{"title":"50","chapter":"VI","part":"665","subpart":"A","section":"665.14"}}],"corrective_action":"(h)(4) corrected","error_corrected":"2006-04-20","error_occurred":"2006-04-10","fr_citation":"71 FR 17989","position":7,"display_in_toc":false,"title":50,"year":2006,"last_modified":"2021-12-22"},{"id":359,"cfr_references":[{"cfr_reference":"50 CFR 17.11","hierarchy":{"title":"50","chapter":"I","subchapter":"B","part":"17","subpart":"B","section":"17.11"}}],"corrective_action":"(h) amended","error_corrected":"2007-06-04","error_occurred":"2007-03-12","fr_citation":"72 FR6102","position":1,"display_in_toc":false,"title":50,"year":2007,"last_modified":"2021-12-22"},{"id":360,"cfr_references":[{"cfr_reference":"50 CFR 17.40","hierarchy":{"title":"50","chapter":"I","subchapter":"B","part":"17","subpart":"D","section":"17.40"}}],"corrective_action":"(n) and (o) removed","error_corrected":"2007-06-04","error_occurred":"2007-03-12","fr_citation":"72 FR6103","position":2,"display_in_toc":false,"title":50,"year":2007,"last_modified":"2021-12-22"},{"id":361,"cfr_references":[{"cfr_reference":"50 CFR 17.95","hierarchy":{"title":"50","chapter":"I","subchapter":"B","part":"17","subpart":"J","section":"17.95"}}],"corrective_action":"(a) amended","error_corrected":"2007-06-04","error_occurred":"2007-03-12","fr_citation":"72 FR6103","position":3,"display_in_toc":false,"title":50,"year":2007,"last_modified":"2021-12-22"},{"id":362,"cfr_references":[{"cfr_reference":"50 CFR 32.31","hierarchy":{"title":"50","chapter":"I","subchapter":"C","part":"32","subpart":"B","section":"32.31"}}],"corrective_action":"D revised","error_corrected":"2007-09-25","error_occurred":"2004-08-31","fr_citation":"69 FR 54350","position":4,"display_in_toc":false,"title":50,"year":2007,"last_modified":"2021-12-22"},{"id":363,"cfr_references":[{"cfr_reference":"50 CFR 32.42","hierarchy":{"title":"50","chapter":"I","subchapter":"C","part":"32","subpart":"B","section":"32.42"}}],"corrective_action":"Amended","error_corrected":"2007-03-14","error_occurred":"2006-09-13","fr_citation":"71 FR 54178","position":5,"display_in_toc":false,"title":50,"year":2007,"last_modified":"2021-12-22"},{"id":364,"cfr_references":[{"cfr_reference":"50 CFR 635.2","hierarchy":{"title":"50","chapter":"VI","part":"635","subpart":"A","section":"635.2"}}],"corrective_action":"Amended","error_corrected":"2007-12-03","error_occurred":"2006-11-01","fr_citation":"71 FR 58163","position":6,"display_in_toc":false,"title":50,"year":2007,"last_modified":"2021-12-22"},{"id":365,"cfr_references":[{"cfr_reference":"50 CFR 635.21","hierarchy":{"title":"50","chapter":"VI","part":"635","subpart":"C","section":"635.21"}}],"corrective_action":"Second (e)(2)(ii) removed","error_corrected":"2007-03-09","error_occurred":"2006-11-01","fr_citation":"71 FR 58167","position":7,"display_in_toc":false,"title":50,"year":2007,"last_modified":"2021-12-22"},{"id":366,"cfr_references":[{"cfr_reference":"50 CFR 648.4","hierarchy":{"title":"50","chapter":"VI","part":"648","subpart":"A","section":"648.4"}}],"corrective_action":"(a)(1)(i)(E) revised","error_corrected":"2007-10-09","error_occurred":"2007-09-04","fr_citation":"72 FR 43191","position":8,"display_in_toc":false,"title":50,"year":2007,"last_modified":"2021-12-22"},{"id":367,"cfr_references":[{"cfr_reference":"50 CFR 648.14","hierarchy":{"title":"50","chapter":"VI","part":"648","subpart":"A","section":"648.14"}}],"corrective_action":"(i)(1) suspended;  (h)(27), (i)(13), and (i)(14) added","error_corrected":"2007-09-21","error_occurred":"2006-12-22","fr_citation":"71 FR 76948","position":9,"display_in_toc":false,"title":50,"year":2007,"last_modified":"2021-12-22"},{"id":368,"cfr_references":[{"cfr_reference":"50 CFR 648.52","hierarchy":{"title":"50","chapter":"VI","part":"648","subpart":"D","section":"648.52"}}],"corrective_action":"(e) added","error_corrected":"2007-09-21","error_occurred":"2006-12-22","fr_citation":"71 FR 76948","position":10,"display_in_toc":false,"title":50,"year":2007,"last_modified":"2021-12-22"},{"id":369,"cfr_references":[{"cfr_reference":"50 CFR 648.58","hierarchy":{"title":"50","section":"648.58"}}],"corrective_action":"(a) through (d) suspended;  (e) through (h) added","error_corrected":"2007-09-21","error_occurred":"2006-12-22","fr_citation":"71 FR 76948","position":11,"display_in_toc":false,"title":50,"year":2007,"last_modified":"2021-12-22"},{"id":370,"cfr_references":[{"cfr_reference":"50 CFR 648.59","hierarchy":{"title":"50","chapter":"VI","part":"648","subpart":"D","section":"648.59"}}],"corrective_action":"(e) (1) and (4) suspended;  (e) (5) and (6) added","error_corrected":"2007-09-21","error_occurred":"2006-12-22","fr_citation":"71 FR 76948","position":12,"display_in_toc":false,"title":50,"year":2007,"last_modified":"2021-12-22"},{"id":371,"cfr_references":[{"cfr_reference":"50 CFR 648.60","hierarchy":{"title":"50","chapter":"VI","part":"648","subpart":"D","section":"648.60"}}],"corrective_action":"(a)(3)(i), (a)(3)(ii)(B), (a)(5)(i), (d)(1)(v), (e)(1)(v), and (g)(3)(iv) suspended; (a)(3)(ii)(C), (a)(3)(iii), (a)(5)(iv), (d)(1)(vi), (e)(1)(vi), and (g)(3)(vi) added","error_corrected":"2007-09-21","error_occurred":"2006-12-22","fr_citation":"71 FR 76949","position":13,"display_in_toc":false,"title":50,"year":2007,"last_modified":"2021-12-22"},{"id":372,"cfr_references":[{"cfr_reference":"50 CFR 648.75","hierarchy":{"title":"50","chapter":"VI","part":"648","subpart":"E","section":"648.75"}}],"corrective_action":"Link added","error_corrected":"2007-12-03","error_occurred":"2007-09-11","fr_citation":"72 FR 51703","position":14,"display_in_toc":false,"title":50,"year":2007,"last_modified":"2021-12-22"},{"id":373,"cfr_references":[{"cfr_reference":"50 CFR 648.80","hierarchy":{"title":"50","chapter":"VI","part":"648","subpart":"F","section":"648.80"}}],"corrective_action":"(f)(2)(i) and (ii) removed","error_corrected":"2007-12-03","error_occurred":"2007-05-01","fr_citation":"72 FR 8289","position":15,"display_in_toc":false,"title":50,"year":2007,"last_modified":"2021-12-22"},{"id":374,"cfr_references":[{"cfr_reference":"50 CFR 648.86","hierarchy":{"title":"50","chapter":"VI","part":"648","subpart":"F","section":"648.86"}}],"corrective_action":"(a)(1)(iii) removed","error_corrected":"2007-12-03","error_occurred":"2006-11-22","fr_citation":"71 FR 62193","position":16,"display_in_toc":false,"title":50,"year":2007,"last_modified":"2021-12-22"},{"id":375,"cfr_references":[{"cfr_reference":"50 CFR 648.94","hierarchy":{"title":"50","chapter":"VI","part":"648","subpart":"F","section":"648.94"}}],"corrective_action":"(b)(1), (b)(2)(i) and (ii), (b)(3)(i) and (ii), (b)(6), (c)(1)(i), and (c)(8) revised","error_corrected":"2007-10-25","error_occurred":"2007-10-22","fr_citation":"72 FR 53950","position":17,"display_in_toc":false,"title":50,"year":2007,"last_modified":"2021-12-22"},{"id":376,"cfr_references":[{"cfr_reference":"50 CFR 648.96","hierarchy":{"title":"50","chapter":"VI","part":"648","subpart":"F","section":"648.96"}}],"corrective_action":"Section heading, (a) heading, (b)(1) through (4) revised; (b)(5) and (6) added","error_corrected":"2007-10-25","error_occurred":"2007-10-22","fr_citation":"72 FR 53951","position":18,"display_in_toc":false,"title":50,"year":2007,"last_modified":"2021-12-22"},{"id":377,"cfr_references":[{"cfr_reference":"50 CFR 660.385","hierarchy":{"title":"50","section":"660.385"}}],"corrective_action":"(b)(7) removed","error_corrected":"2007-10-10","error_occurred":"2006-12-29","fr_citation":"71 FR 78663","position":19,"display_in_toc":false,"title":50,"year":2007,"last_modified":"2021-12-22"},{"id":378,"cfr_references":[{"cfr_reference":"50 CFR 679.42","hierarchy":{"title":"50","chapter":"VI","part":"679","subpart":"D","section":"679.42"}}],"corrective_action":"(l) added","error_corrected":"2007-10-22","error_occurred":"2007-09-10","fr_citation":"72 FR 44809","position":20,"display_in_toc":false,"title":50,"year":2007,"last_modified":"2021-12-22"},{"id":583,"cfr_references":[{"cfr_reference":"50 CFR 226.215","hierarchy":{"title":"50","chapter":"II","subchapter":"C","part":"226","section":"226.215"}}],"corrective_action":"Link added","error_corrected":"2008-04-09","error_occurred":"2008-04-08","fr_citation":"73 FR 19011","position":1,"display_in_toc":false,"title":50,"year":2008,"last_modified":"2021-12-22"},{"id":584,"cfr_references":[{"cfr_reference":"50 CFR 300.61","hierarchy":{"title":"50","chapter":"III","part":"300","subpart":"E","section":"300.61"}}],"corrective_action":"Definition for power hauling added","error_corrected":"2008-10-28","error_occurred":"2008-10-24","fr_citation":"73 FR 54939","position":2,"display_in_toc":false,"title":50,"year":2008,"last_modified":"2021-12-22"},{"id":585,"cfr_references":[{"cfr_reference":"50 CFR 622.37","hierarchy":{"title":"50","chapter":"VI","part":"622","subpart":"B","section":"622.37"}}],"corrective_action":"(d)(1)(iv) suspended and (d)(1)(vi) added","error_corrected":"2008-01-10","error_occurred":"2007-11-27","fr_citation":"72 FR 66081","position":3,"display_in_toc":false,"title":50,"year":2008,"last_modified":"2021-12-22"},{"id":586,"cfr_references":[{"cfr_reference":"50 CFR 622.39","hierarchy":{"title":"50","chapter":"VI","part":"622","subpart":"B","section":"622.39"}}],"corrective_action":"(b)(1)(iii) and (v) suspended; (b)(1)(vii) and (ix) added","error_corrected":"2008-01-10","error_occurred":"2007-11-27","fr_citation":"72 FR 66081","position":4,"display_in_toc":false,"title":50,"year":2008,"last_modified":"2021-12-22"},{"id":587,"cfr_references":[{"cfr_reference":"50 CFR 622.42","hierarchy":{"title":"50","chapter":"VI","part":"622","subpart":"B","section":"622.42"}}],"corrective_action":"(a)(1)(i) and (a)(2) suspended; (a)(1)(v) and (a)(3) added","error_corrected":"2008-01-10","error_occurred":"2007-11-27","fr_citation":"72 FR 66081","position":5,"display_in_toc":false,"title":50,"year":2008,"last_modified":"2021-12-22"},{"id":588,"cfr_references":[{"cfr_reference":"50 CFR 635.5","hierarchy":{"title":"50","chapter":"VI","part":"635","subpart":"A","section":"635.5"}}],"corrective_action":"(b)(1)(ii) revised","error_corrected":"2008-11-14","error_occurred":"2008-07-24","fr_citation":"73 FR 40707","position":6,"display_in_toc":false,"title":50,"year":2008,"last_modified":"2021-12-22"},{"id":589,"cfr_references":[{"cfr_reference":"50 CFR 635.69","hierarchy":{"title":"50","chapter":"VI","part":"635","subpart":"F","section":"635.69"}}],"corrective_action":"(a)(3) revised","error_corrected":"2008-06-17","error_occurred":"2007-11-05","fr_citation":"72 FR 57194","position":7,"display_in_toc":false,"title":50,"year":2008,"last_modified":"2021-12-22"},{"id":590,"cfr_references":[{"cfr_reference":"50 CFR 648.92","hierarchy":{"title":"50","chapter":"VI","part":"648","subpart":"F","section":"648.92"}}],"corrective_action":"(a)(1), (b)(3), (b)(4) and (b)(8)(v) revised","error_corrected":"2008-05-21","error_occurred":"2008-05-01","fr_citation":"73 FR 22834","position":8,"display_in_toc":false,"title":50,"year":2008,"last_modified":"2021-12-22"},{"id":591,"cfr_references":[{"cfr_reference":"50 CFR 648.94","hierarchy":{"title":"50","chapter":"VI","part":"648","subpart":"F","section":"648.94"}}],"corrective_action":"(c)(3) and (f) revised","error_corrected":"2008-05-21","error_occurred":"2008-05-01","fr_citation":"73 FR 22835","position":9,"display_in_toc":false,"title":50,"year":2008,"last_modified":"2021-12-22"},{"id":592,"cfr_references":[{"cfr_reference":"50 CFR 660.306","hierarchy":{"title":"50","section":"660.306"}}],"corrective_action":"(f)(7) added","error_corrected":"2008-09-30","error_occurred":"2008-05-13","fr_citation":"72 FR 64954","position":10,"display_in_toc":false,"title":50,"year":2008,"last_modified":"2021-12-22"},{"id":593,"cfr_references":[{"cfr_reference":"50 CFR 660.373","hierarchy":{"title":"50","section":"660.373"}}],"corrective_action":"(k) added","error_corrected":"2008-09-30","error_occurred":"2008-05-13","fr_citation":"72 FR 64954","position":11,"display_in_toc":false,"title":50,"year":2008,"last_modified":"2021-12-22"},{"id":594,"cfr_references":[{"cfr_reference":"50 CFR 660.510","hierarchy":{"title":"50","chapter":"VI","part":"660","subpart":"I","section":"660.510"}}],"corrective_action":"Reinstated","error_corrected":"2008-05-07","error_occurred":"2007-10-01","fr_citation":"73FR 25592","position":12,"display_in_toc":false,"title":50,"year":2008,"last_modified":"2021-12-22"},{"id":793,"cfr_references":[{"cfr_reference":"50 CFR 32.37","hierarchy":{"title":"50","chapter":"I","subchapter":"C","part":"32","subpart":"B","section":"32.37"}}],"corrective_action":"Amended","error_corrected":"2009-09-14","error_occurred":"2009-09-13","fr_citation":"74 FR 45684","position":1,"display_in_toc":false,"title":50,"year":2009,"last_modified":"2021-12-22"},{"id":794,"cfr_references":[{"cfr_reference":"50 CFR 32.42","hierarchy":{"title":"50","chapter":"I","subchapter":"C","part":"32","subpart":"B","section":"32.42"}}],"corrective_action":"Amended","error_corrected":"2009-09-15","error_occurred":"2008-07-11","fr_citation":"73 FR 33185","position":2,"display_in_toc":false,"title":50,"year":2009,"last_modified":"2021-12-22"},{"id":795,"cfr_references":[{"cfr_reference":"50 CFR 648.260","hierarchy":{"title":"50","chapter":"VI","part":"648","subpart":"M","section":"648.260"}}],"corrective_action":"(a)(4) added","error_corrected":"2009-09-16","error_occurred":"2009-09-02","fr_citation":"74 FR 9773","position":3,"display_in_toc":false,"title":50,"year":2009,"last_modified":"2021-12-22"},{"id":796,"cfr_references":[{"cfr_reference":"50 CFR 648.260","hierarchy":{"title":"50","chapter":"VI","part":"648","subpart":"M","section":"648.260"}}],"corrective_action":"(a)(1) suspension extended to 2/28/10","error_corrected":"2009-09-16","error_occurred":"2009-09-02","fr_citation":"74 FR 42606","position":4,"display_in_toc":false,"title":50,"year":2009,"last_modified":"2021-12-22"},{"id":797,"cfr_references":[{"cfr_reference":"50 CFR 648.262","hierarchy":{"title":"50","chapter":"VI","part":"648","subpart":"M","section":"648.262"}}],"corrective_action":"(b)(7) added","error_corrected":"2009-09-16","error_occurred":"2009-09-02","fr_citation":"74 FR 9773","position":5,"display_in_toc":false,"title":50,"year":2009,"last_modified":"2021-12-22"},{"id":798,"cfr_references":[{"cfr_reference":"50 CFR 648.262","hierarchy":{"title":"50","chapter":"VI","part":"648","subpart":"M","section":"648.262"}}],"corrective_action":"(b)(2) suspension extended to 2/28/10","error_corrected":"2009-09-16","error_occurred":"2009-09-02","fr_citation":"74 FR 42606","position":6,"display_in_toc":false,"title":50,"year":2009,"last_modified":"2021-12-22"},{"id":930,"cfr_references":[{"cfr_reference":"50 CFR 32.35","hierarchy":{"title":"50","chapter":"I","subchapter":"C","part":"32","subpart":"B","section":"32.35"}}],"corrective_action":"Amended","error_corrected":"2010-09-22","error_occurred":"2010-07-11","fr_citation":"75 FR 33176","position":1,"display_in_toc":false,"title":50,"year":2010,"last_modified":"2021-12-22"},{"id":931,"cfr_references":[{"cfr_reference":"50 CFR 32.43","hierarchy":{"title":"50","chapter":"I","subchapter":"C","part":"32","subpart":"B","section":"32.43"}}],"corrective_action":"Amended","error_corrected":"2010-09-22","error_occurred":"2003-10-02","fr_citation":"68 FR 57317","position":2,"display_in_toc":false,"title":50,"year":2010,"last_modified":"2021-12-22"},{"id":932,"cfr_references":[{"cfr_reference":"50 CFR 32.45","hierarchy":{"title":"50","chapter":"I","subchapter":"C","part":"32","subpart":"B","section":"32.45"}}],"corrective_action":"Amended","error_corrected":"2010-09-22","error_occurred":"2010-07-11","fr_citation":"75 FR 33189","position":3,"display_in_toc":false,"title":50,"year":2010,"last_modified":"2021-12-22"},{"id":933,"cfr_references":[{"cfr_reference":"50 CFR 100.24","hierarchy":{"title":"50","chapter":"I","subchapter":"H","part":"100","subpart":"C","section":"100.24"}}],"corrective_action":"(a)(3) revised","error_corrected":"2010-09-30","error_occurred":"2008-03-31","fr_citation":"73 FR 12679","position":4,"display_in_toc":false,"title":50,"year":2010,"last_modified":"2021-12-22"},{"id":934,"cfr_references":[{"cfr_reference":"50 CFR 100.27","hierarchy":{"title":"50","chapter":"I","subchapter":"H","part":"100","subpart":"D","section":"100.27"}}],"corrective_action":"Amended","error_corrected":"2010-01-04","error_occurred":"2009-04-01","fr_citation":"74 FR 14058","position":5,"display_in_toc":false,"title":50,"year":2010,"last_modified":"2021-12-22"},{"id":935,"cfr_references":[{"cfr_reference":"50 CFR Part 218","hierarchy":{"title":"50","chapter":"II","subchapter":"C","part":"218"}}],"corrective_action":"Subpart L added","error_corrected":"2010-08-04","error_occurred":"2010-08-03","fr_citation":"75 FR 45547","position":6,"display_in_toc":false,"title":50,"year":2010,"last_modified":"2021-12-22"},{"id":936,"cfr_references":[{"cfr_reference":"50 CFR 600.745","hierarchy":{"title":"50","chapter":"VI","part":"600","subpart":"H","section":"600.745"}}],"corrective_action":"(d)(3)(ii) introductory text revised","error_corrected":"2010-01-13","error_occurred":"2009-09-24","fr_citation":"74 FR 42794","position":7,"display_in_toc":false,"title":50,"year":2010,"last_modified":"2021-12-22"},{"id":937,"cfr_references":[{"cfr_reference":"50 CFR 622.1","hierarchy":{"title":"50","chapter":"VI","part":"622","subpart":"A","section":"622.1"}}],"corrective_action":"(b) amended","error_corrected":"2010-01-13","error_occurred":"2009-02-11","fr_citation":"74 FR 1151","position":8,"display_in_toc":false,"title":50,"year":2010,"last_modified":"2021-12-22"},{"id":938,"cfr_references":[{"cfr_reference":"50 CFR 622.2","hierarchy":{"title":"50","chapter":"VI","part":"622","subpart":"A","section":"622.2"}}],"corrective_action":"Amended","error_corrected":"2010-05-27","error_occurred":"2010-05-26","fr_citation":"75 FR 21519","position":9,"display_in_toc":false,"title":50,"year":2010,"last_modified":"2021-12-22"},{"id":939,"cfr_references":[{"cfr_reference":"50 CFR 622.4","hierarchy":{"title":"50","chapter":"VI","part":"622","subpart":"A","section":"622.4"}}],"corrective_action":"(a)(2)(v) and (g)(1) amended; (a)(2)(xiv) added","error_corrected":"2010-05-27","error_occurred":"2010-05-26","fr_citation":"75 FR 21519","position":10,"display_in_toc":false,"title":50,"year":2010,"last_modified":"2021-12-22"},{"id":940,"cfr_references":[{"cfr_reference":"50 CFR 622.34","hierarchy":{"title":"50","chapter":"VI","part":"622","subpart":"B","section":"622.34"}}],"corrective_action":"(q) added","error_corrected":"2010-05-27","error_occurred":"2010-05-26","fr_citation":"75 FR 21519","position":11,"display_in_toc":false,"title":50,"year":2010,"last_modified":"2021-12-22"},{"id":941,"cfr_references":[{"cfr_reference":"50 CFR 622.34","hierarchy":{"title":"50","chapter":"VI","part":"622","subpart":"B","section":"622.34"}}],"corrective_action":"(q) corrected","error_corrected":"2010-05-27","error_occurred":"2010-05-26","fr_citation":"75 FR 28760","position":12,"display_in_toc":false,"title":50,"year":2010,"last_modified":"2021-12-22"},{"id":942,"cfr_references":[{"cfr_reference":"50 CFR 635.21","hierarchy":{"title":"50","chapter":"VI","part":"635","subpart":"C","section":"635.21"}}],"corrective_action":"(a)(4)(vii)","error_corrected":"2010-05-24","error_occurred":"2010-05-14","fr_citation":"75 FR 27219","position":13,"display_in_toc":false,"title":50,"year":2010,"last_modified":"2021-12-22"},{"id":943,"cfr_references":[{"cfr_reference":"50 CFR 635.21","hierarchy":{"title":"50","chapter":"VI","part":"635","subpart":"C","section":"635.21"}}],"corrective_action":"(c) amended","error_corrected":"2010-01-13","error_occurred":"2009-01-01","fr_citation":"73 FR 54734","position":14,"display_in_toc":false,"title":50,"year":2010,"last_modified":"2021-12-22"},{"id":944,"cfr_references":[{"cfr_reference":"50 CFR 648.4","hierarchy":{"title":"50","chapter":"VI","part":"648","subpart":"A","section":"648.4"}}],"corrective_action":"(a)(1)(i)(F) reinstated","error_corrected":"2010-12-07","error_occurred":"2010-05-01","fr_citation":"75 FR 18310","position":15,"display_in_toc":false,"title":50,"year":2010,"last_modified":"2021-12-22"},{"id":945,"cfr_references":[{"cfr_reference":"50 CFR 648.87","hierarchy":{"title":"50","chapter":"VI","part":"648","subpart":"F","section":"648.87"}}],"corrective_action":"(b)(1)(ii)(A), (B), and (C) through (F) added","error_corrected":"2010-05-21","error_occurred":"2010-05-02","fr_citation":"75 FR 18374","position":16,"display_in_toc":false,"title":50,"year":2010,"last_modified":"2021-12-22"},{"id":946,"cfr_references":[{"cfr_reference":"50 CFR 648.92","hierarchy":{"title":"50","chapter":"VI","part":"648","subpart":"F","section":"648.92"}}],"corrective_action":"(b)(10) added","error_corrected":"2010-01-13","error_occurred":"2009-05-01","fr_citation":"74 FR 17064","position":17,"display_in_toc":false,"title":50,"year":2010,"last_modified":"2021-12-22"},{"id":947,"cfr_references":[{"cfr_reference":"50 CFR 648.92","hierarchy":{"title":"50","chapter":"VI","part":"648","subpart":"F","section":"648.92"}}],"corrective_action":"(b)(1)(vi) added","error_corrected":"2010-09-30","error_occurred":"2009-05-01","fr_citation":"74 FR 17064","position":18,"display_in_toc":false,"title":50,"year":2010,"last_modified":"2021-12-22"},{"id":1085,"cfr_references":[{"cfr_reference":"50 CFR Part 216","hierarchy":{"title":"50","chapter":"II","subchapter":"C","part":"216"}}],"corrective_action":"Subpart J removed","error_corrected":"2011-11-28","error_occurred":"2011-07-03","fr_citation":"71 FR 40932","position":1,"display_in_toc":false,"title":50,"year":2011,"last_modified":"2021-12-22"},{"id":1086,"cfr_references":[{"cfr_reference":"50 CFR Part 218","hierarchy":{"title":"50","chapter":"II","subchapter":"C","part":"218"}}],"corrective_action":"Subpart M added","error_corrected":"2011-09-26","error_occurred":"2010-11-09","fr_citation":"75 FR 69319","position":2,"display_in_toc":false,"title":50,"year":2011,"last_modified":"2021-12-22"},{"id":1087,"cfr_references":[{"cfr_reference":"50 CFR 300.65","hierarchy":{"title":"50","chapter":"III","part":"300","subpart":"E","section":"300.65"}}],"corrective_action":"(a)(1)(iii) added","error_corrected":"2011-03-16","error_occurred":"2011-03-07","fr_citation":"76 FR 6571","position":3,"display_in_toc":false,"title":50,"year":2011,"last_modified":"2021-12-22"},{"id":1088,"cfr_references":[{"cfr_reference":"50 CFR 648.14","hierarchy":{"title":"50","chapter":"VI","part":"648","subpart":"A","section":"648.14"}}],"corrective_action":"(k)(18) and (19) added","error_corrected":"2011-04-18","error_occurred":"2010-05-01","fr_citation":"75 FR 18312","position":4,"display_in_toc":false,"title":50,"year":2011,"last_modified":"2021-12-22"},{"id":1089,"cfr_references":[{"cfr_reference":"50 CFR 648.89","hierarchy":{"title":"50","chapter":"VI","part":"648","subpart":"F","section":"648.89"}}],"corrective_action":"(c)(2)(v) added","error_corrected":"2011-02-24","error_occurred":"2010-05-01","fr_citation":"75 FR 18348","position":5,"display_in_toc":false,"title":50,"year":2011,"last_modified":"2021-12-22"},{"id":1090,"cfr_references":[{"cfr_reference":"50 CFR 648.94","hierarchy":{"title":"50","chapter":"VI","part":"648","subpart":"F","section":"648.94"}}],"corrective_action":"(b) heading reinstated","error_corrected":"2011-07-12","error_occurred":"2011-05-25","fr_citation":"76 FR 30272","position":6,"display_in_toc":false,"title":50,"year":2011,"last_modified":"2021-12-22"},{"id":1091,"cfr_references":[{"cfr_reference":"50 CFR 679.5","hierarchy":{"title":"50","chapter":"VI","part":"679","subpart":"A","section":"679.5"}}],"corrective_action":"Headings in (c)(3)(ii)(B),  (4)(ii)(B), and (6)(ii) tables revised","error_corrected":"2011-11-03","error_occurred":"2011-08-10","fr_citation":"76 FR 40630","position":7,"display_in_toc":false,"title":50,"year":2011,"last_modified":"2021-12-22"},{"id":1247,"cfr_references":[{"cfr_reference":"50 CFR 17.95","hierarchy":{"title":"50","chapter":"I","subchapter":"B","part":"17","subpart":"J","section":"17.95"}}],"corrective_action":"Amended","error_corrected":"2012-10-31","error_occurred":"2010-11-17","fr_citation":"75 FR 63972","position":1,"display_in_toc":false,"title":50,"year":2012,"last_modified":"2021-12-22"},{"id":1248,"cfr_references":[{"cfr_reference":"50 CFR Part 217 Subpart Q","hierarchy":{"title":"50","chapter":"II","subchapter":"C","part":"217","subpart":"Q"}}],"corrective_action":"Removed and reserved","error_corrected":"2012-08-23","error_occurred":"2012-08-15","fr_citation":"72 FR 46890","position":2,"display_in_toc":false,"title":50,"year":2012,"last_modified":"2021-12-22"},{"id":1249,"cfr_references":[{"cfr_reference":"50 CFR 622.1","hierarchy":{"title":"50","chapter":"VI","part":"622","subpart":"A","section":"622.1"}}],"corrective_action":"(b) table corrected","error_corrected":"2012-06-26","error_occurred":"2012-01-30","fr_citation":"76 FR 82066","position":3,"display_in_toc":false,"title":50,"year":2012,"last_modified":"2021-12-22"},{"id":1250,"cfr_references":[{"cfr_reference":"50 CFR 622.34","hierarchy":{"title":"50","chapter":"VI","part":"622","subpart":"B","section":"622.34"}}],"corrective_action":"(v) reinstated","error_corrected":"2012-11-05","error_occurred":"2012-03-12","fr_citation":"77 FR 6998","position":4,"display_in_toc":false,"title":50,"year":2012,"last_modified":"2021-12-22"},{"id":1251,"cfr_references":[{"cfr_reference":"50 CFR 622.43","hierarchy":{"title":"50","chapter":"VI","part":"622","subpart":"B","section":"622.43"}}],"corrective_action":"(c) reinstated","error_corrected":"2012-06-26","error_occurred":"2012-01-30","fr_citation":"76 FR 82067","position":5,"display_in_toc":false,"title":50,"year":2012,"last_modified":"2021-12-22"},{"id":1252,"cfr_references":[{"cfr_reference":"50 CFR 648.89","hierarchy":{"title":"50","chapter":"VI","part":"648","subpart":"F","section":"648.89"}}],"corrective_action":"(c)(2)(vi) revised","error_corrected":"2012-10-17","error_occurred":"2012-05-01","fr_citation":"77 FR 25630","position":6,"display_in_toc":false,"title":50,"year":2012,"last_modified":"2021-12-22"},{"id":1253,"cfr_references":[{"cfr_reference":"50 CFR 679.5","hierarchy":{"title":"50","chapter":"VI","part":"679","subpart":"A","section":"679.5"}}],"corrective_action":"(e)(6)(i)(A)(12) amended","error_corrected":"2012-02-07","error_occurred":"2012-01-01","fr_citation":"76 FR 74686","position":7,"display_in_toc":false,"title":50,"year":2012,"last_modified":"2021-12-22"},{"id":1463,"cfr_references":[{"cfr_reference":"50 CFR Part 17","hierarchy":{"title":"50","chapter":"I","subchapter":"B","part":"17"}}],"corrective_action":"Authority citation revised","error_corrected":"2013-04-12","error_occurred":"2013-01-18","fr_citation":"77 FR 75297","position":1,"display_in_toc":false,"title":50,"year":2013,"last_modified":"2021-12-22"},{"id":1464,"cfr_references":[{"cfr_reference":"50 CFR 17.11","hierarchy":{"title":"50","chapter":"I","subchapter":"B","part":"17","subpart":"B","section":"17.11"}}],"corrective_action":"(h) table amended","error_corrected":"2013-09-17","error_occurred":"2012-07-12","fr_citation":"77 FR 35145","position":2,"display_in_toc":false,"title":50,"year":2013,"last_modified":"2021-12-22"},{"id":1465,"cfr_references":[{"cfr_reference":"50 CFR 17.11","hierarchy":{"title":"50","chapter":"I","subchapter":"B","part":"17","subpart":"B","section":"17.11"}}],"corrective_action":"(h) table amended","error_corrected":"2013-09-27","error_occurred":"2012-04-06","fr_citation":"77 FR 20986","position":3,"display_in_toc":false,"title":50,"year":2013,"last_modified":"2021-12-22"},{"id":1466,"cfr_references":[{"cfr_reference":"50 CFR 223.102","hierarchy":{"title":"50","chapter":"II","subchapter":"C","part":"223","subpart":"A","section":"223.102"}}],"corrective_action":"(a)(4) through (8) added","error_corrected":"2013-03-04","error_occurred":"2013-02-26","fr_citation":"77 FR 76738","position":4,"display_in_toc":false,"title":50,"year":2013,"last_modified":"2021-12-22"},{"id":1467,"cfr_references":[{"cfr_reference":"50 CFR 635.4","hierarchy":{"title":"50","chapter":"VI","part":"635","subpart":"A","section":"635.4"}}],"corrective_action":"(f)(1) and (2) revised","error_corrected":"2013-01-17","error_occurred":"2013-01-02","fr_citation":"77 FR 59849","position":5,"display_in_toc":false,"title":50,"year":2013,"last_modified":"2021-12-22"},{"id":1468,"cfr_references":[{"cfr_reference":"50 CFR 648.14","hierarchy":{"title":"50","chapter":"VI","part":"648","subpart":"A","section":"648.14"}}],"corrective_action":"(i)(1)(iii)(A)(3)(iii) and (4)(iii)(G) reinstated; (i)(4)(iii)(E) removed","error_corrected":"2013-06-07","error_occurred":"2013-05-20","fr_citation":"78 FR 27099","position":6,"display_in_toc":false,"title":50,"year":2013,"last_modified":"2021-12-22"},{"id":1469,"cfr_references":[{"cfr_reference":"50 CFR 648.58","hierarchy":{"title":"50","section":"648.58"}}],"corrective_action":"(f) reinstated","error_corrected":"2013-04-16","error_occurred":"2012-11-10","fr_citation":"77 FR 64915","position":7,"display_in_toc":false,"title":50,"year":2013,"last_modified":"2021-12-22"},{"id":1470,"cfr_references":[{"cfr_reference":"50 CFR 679.21","hierarchy":{"title":"50","chapter":"VI","part":"679","subpart":"B","section":"679.21"}}],"corrective_action":"(h)(4),(5), and (6) reinstated","error_corrected":"2013-08-28","error_occurred":"2012-11-01","fr_citation":"77 FR 42636","position":8,"display_in_toc":false,"title":50,"year":2013,"last_modified":"2021-12-22"},{"id":1600,"cfr_references":[{"cfr_reference":"50 CFR 21.29","hierarchy":{"title":"50","chapter":"I","subchapter":"B","part":"21","subpart":"C","section":"21.29"}}],"corrective_action":"(b)(9) revised","error_corrected":"2014-01-09","error_occurred":"2014-01-01","fr_citation":"78 FR 72832","position":1,"display_in_toc":false,"title":50,"year":2014,"last_modified":"2021-12-22"},{"id":1601,"cfr_references":[{"cfr_reference":"50 CFR 23.23","hierarchy":{"title":"50","chapter":"I","subchapter":"B","part":"23","subpart":"B","section":"23.23"}}],"corrective_action":"Amended","error_corrected":"2014-06-06","error_occurred":"2014-05-27","fr_citation":"79 FR 30422","position":2,"display_in_toc":false,"title":50,"year":2014,"last_modified":"2021-12-22"},{"id":1602,"cfr_references":[{"cfr_reference":"50 CFR 23.55","hierarchy":{"title":"50","chapter":"I","subchapter":"B","part":"23","subpart":"C","section":"23.55"}}],"corrective_action":"Amended","error_corrected":"2014-07-31","error_occurred":"2014-06-26","fr_citation":"79 FR 30426","position":3,"display_in_toc":false,"title":50,"year":2014,"last_modified":"2021-12-22"},{"id":1603,"cfr_references":[{"cfr_reference":"50 CFR 32.20","hierarchy":{"title":"50","chapter":"I","subchapter":"C","part":"32","subpart":"B","section":"32.20"}}],"corrective_action":"Revised","error_corrected":"2014-03-25","error_occurred":"2014-03-17","fr_citation":"79 FR 14822","position":4,"display_in_toc":false,"title":50,"year":2014,"last_modified":"2021-12-22"},{"id":1604,"cfr_references":[{"cfr_reference":"50 CFR 32.28","hierarchy":{"title":"50","chapter":"I","subchapter":"C","part":"32","subpart":"B","section":"32.28"}}],"corrective_action":"D.8 added","error_corrected":"2014-03-25","error_occurred":"2014-03-17","fr_citation":"79 FR 14825","position":5,"display_in_toc":false,"title":50,"year":2014,"last_modified":"2021-12-22"},{"id":1605,"cfr_references":[{"cfr_reference":"50 CFR 32.31","hierarchy":{"title":"50","chapter":"I","subchapter":"C","part":"32","subpart":"B","section":"32.31"}}],"corrective_action":"A.3 amended","error_corrected":"2014-03-25","error_occurred":"2014-03-17","fr_citation":"79 FR 14827","position":6,"display_in_toc":false,"title":50,"year":2014,"last_modified":"2021-12-22"},{"id":1606,"cfr_references":[{"cfr_reference":"50 CFR 32.34","hierarchy":{"title":"50","chapter":"I","subchapter":"C","part":"32","subpart":"B","section":"32.34"}}],"corrective_action":"B.1 through B.4 removed","error_corrected":"2014-03-26","error_occurred":"2014-03-17","fr_citation":"79 FR 14828","position":7,"display_in_toc":false,"title":50,"year":2014,"last_modified":"2021-12-22"},{"id":1607,"cfr_references":[{"cfr_reference":"50 CFR 32.63","hierarchy":{"title":"50","chapter":"I","subchapter":"C","part":"32","subpart":"B","section":"32.63"}}],"corrective_action":"C.2 through C.11 removed","error_corrected":"2014-03-26","error_occurred":"2014-03-17","fr_citation":"79 FR 14840","position":8,"display_in_toc":false,"title":50,"year":2014,"last_modified":"2021-12-22"},{"id":1608,"cfr_references":[{"cfr_reference":"50 CFR 216.120-216.129","hierarchy":{"title":"50","section":"216.120-216.129"}}],"corrective_action":"Removed","error_corrected":"2014-09-25","error_occurred":"2014-02-07","fr_citation":"74 FR 6236, Feb. 6, 2009","position":9,"display_in_toc":false,"title":50,"year":2014,"last_modified":"2021-12-22"},{"id":1609,"cfr_references":[{"cfr_reference":"50 CFR 216.150-216.159","hierarchy":{"title":"50","section":"216.150-216.159"}}],"corrective_action":"Removed","error_corrected":"2014-09-25","error_occurred":"2014-06-02","fr_citation":"74 FR 26580, June 3, 2009","position":10,"display_in_toc":false,"title":50,"year":2014,"last_modified":"2021-12-22"},{"id":1610,"cfr_references":[{"cfr_reference":"50 CFR Part 300","hierarchy":{"title":"50","chapter":"III","part":"300"}}],"corrective_action":"Superseded authority citation removed","error_corrected":"2014-08-22","error_occurred":"2014-06-16","fr_citation":"79 FR 28451","position":11,"display_in_toc":false,"title":50,"year":2014,"last_modified":"2021-12-22"},{"id":1611,"cfr_references":[{"cfr_reference":"50 CFR Part 300 Subpart C","hierarchy":{"title":"50","chapter":"III","part":"300","subpart":"C"}}],"corrective_action":"Superseded authority citation removed","error_corrected":"2014-08-22","error_occurred":"2014-06-16","fr_citation":"79 FR 28451","position":12,"display_in_toc":false,"title":50,"year":2014,"last_modified":"2021-12-22"},{"id":1612,"cfr_references":[{"cfr_reference":"50 CFR 635.21","hierarchy":{"title":"50","chapter":"VI","part":"635","subpart":"C","section":"635.21"}}],"corrective_action":"Introductory text removed","error_corrected":"2014-03-18","error_occurred":"2013-08-02","fr_citation":"78 FR 40346","position":13,"display_in_toc":false,"title":50,"year":2014,"last_modified":"2021-12-22"},{"id":1613,"cfr_references":[{"cfr_reference":"50 CFR 635.28","hierarchy":{"title":"50","chapter":"VI","part":"635","subpart":"C","section":"635.28"}}],"corrective_action":"(c)(1)(i)(D) corrected","error_corrected":"2014-03-18","error_occurred":"2013-09-13","fr_citation":"78 FR 52031","position":14,"display_in_toc":false,"title":50,"year":2014,"last_modified":"2021-12-22"},{"id":1614,"cfr_references":[{"cfr_reference":"50 CFR 648.58","hierarchy":{"title":"50","section":"648.58"}}],"corrective_action":"(e) removed","error_corrected":"2014-03-18","error_occurred":"2013-06-10","fr_citation":"77 FR 73960","position":15,"display_in_toc":false,"title":50,"year":2014,"last_modified":"2021-12-22"},{"id":1615,"cfr_references":[{"cfr_reference":"50 CFR 679.4","hierarchy":{"title":"50","chapter":"VI","part":"679","subpart":"A","section":"679.4"}}],"corrective_action":"(l)(2)(iii) corrected","error_corrected":"2014-11-12","error_occurred":"2014-10-14","fr_citation":"79 FR 54598","position":16,"display_in_toc":false,"title":50,"year":2014,"last_modified":"2021-12-22"},{"id":1823,"cfr_references":[{"cfr_reference":"50 CFR 17.11","hierarchy":{"title":"50","chapter":"I","subchapter":"B","part":"17","subpart":"B","section":"17.11"}}],"corrective_action":"(h) amended","error_corrected":"2015-03-20","error_occurred":"2015-02-20","fr_citation":"80 FR 9220","position":1,"display_in_toc":false,"title":50,"year":2015,"last_modified":"2021-12-22"},{"id":1824,"cfr_references":[{"cfr_reference":"50 CFR 17.40","hierarchy":{"title":"50","chapter":"I","subchapter":"B","part":"17","subpart":"D","section":"17.40"}}],"corrective_action":"(d) redesignated as (n) and new (d) added","error_corrected":"2015-03-20","error_occurred":"2015-02-20","fr_citation":"80 FR 9221","position":2,"display_in_toc":false,"title":50,"year":2015,"last_modified":"2021-12-22"},{"id":1825,"cfr_references":[{"cfr_reference":"50 CFR 17.84","hierarchy":{"title":"50","chapter":"I","subchapter":"B","part":"17","subpart":"H","section":"17.84"}}],"corrective_action":"(n) redesignated as (d), (d)(1)(i), (d)(2)(i)-(iv) amended, adding (i) and (n)","error_corrected":"2015-03-20","error_occurred":"2015-02-20","fr_citation":"80 FR 9224","position":3,"display_in_toc":false,"title":50,"year":2015,"last_modified":"2021-12-22"},{"id":1826,"cfr_references":[{"cfr_reference":"50 CFR 17.95","hierarchy":{"title":"50","chapter":"I","subchapter":"B","part":"17","subpart":"J","section":"17.95"}}],"corrective_action":"(a) amended","error_corrected":"2015-03-20","error_occurred":"2015-02-20","fr_citation":"80 FR 9229","position":4,"display_in_toc":false,"title":50,"year":2015,"last_modified":"2021-12-22"},{"id":1827,"cfr_references":[{"cfr_reference":"50 CFR Part 221","hierarchy":{"title":"50","chapter":"II","subchapter":"C","part":"221"}}],"corrective_action":"Revised","error_corrected":"2015-04-30","error_occurred":"2015-03-31","fr_citation":"80 FR 17207","position":5,"display_in_toc":false,"title":50,"year":2015,"last_modified":"2021-12-22"},{"id":1828,"cfr_references":[{"cfr_reference":"50 CFR 224.101","hierarchy":{"title":"50","chapter":"II","subchapter":"C","part":"224","section":"224.101"}}],"corrective_action":"(h) table amended","error_corrected":"2015-04-15","error_occurred":"2015-02-10","fr_citation":"80 FR 7390","position":6,"display_in_toc":false,"title":50,"year":2015,"last_modified":"2021-12-22"},{"id":1829,"cfr_references":[{"cfr_reference":"50 CFR 622.41","hierarchy":{"title":"50","chapter":"VI","part":"622","subpart":"B","section":"622.41"}}],"corrective_action":"(q)(2)(i) correctly revised","error_corrected":"2015-12-29","error_occurred":"2015-12-28","fr_citation":"80 FR 74001","position":7,"display_in_toc":false,"title":50,"year":2015,"last_modified":"2021-12-22"},{"id":1830,"cfr_references":[{"cfr_reference":"50 CFR 635.71","hierarchy":{"title":"50","chapter":"VI","part":"635","subpart":"F","section":"635.71"}}],"corrective_action":"(d)(2) reinstated; (d)(5) revised","error_corrected":"2015-01-28","error_occurred":"2015-01-07","fr_citation":"79 FR 72560","position":8,"display_in_toc":false,"title":50,"year":2015,"last_modified":"2021-12-22"},{"id":1831,"cfr_references":[{"cfr_reference":"50 CFR 648.24","hierarchy":{"title":"50","chapter":"VI","part":"648","subpart":"B","section":"648.24"}}],"corrective_action":"(b)(6) added and (c)(1)(i)-(iii) removed","error_corrected":"2015-10-07","error_occurred":"2015-09-11","fr_citation":"80 FR 48248","position":9,"display_in_toc":false,"title":50,"year":2015,"last_modified":"2021-12-22"},{"id":1832,"cfr_references":[{"cfr_reference":"50 CFR 648.90","hierarchy":{"title":"50","chapter":"VI","part":"648","subpart":"F","section":"648.90"}}],"corrective_action":"(a)(5)(i)(A) through (D) reinstated","error_corrected":"2015-08-03","error_occurred":"2015-05-01","fr_citation":"80 FR 25110","position":10,"display_in_toc":false,"title":50,"year":2015,"last_modified":"2021-12-22"},{"id":1833,"cfr_references":[{"cfr_reference":"50 CFR 660.360","hierarchy":{"title":"50","chapter":"VI","part":"660","subpart":"G","section":"660.360"}}],"corrective_action":"(c)(3) introductory text, (c)(3)(i)(A) introductory text, (c)(3)(i)(A)(5), and (c)(3)(v)(A)(4) revised","error_corrected":"2015-12-08","error_occurred":"2015-10-14","fr_citation":"80 FR 61766","position":11,"display_in_toc":false,"title":50,"year":2015,"last_modified":"2021-12-22"},{"id":1834,"cfr_references":[{"cfr_reference":"50 CFR 679.20","hierarchy":{"title":"50","chapter":"VI","part":"679","subpart":"B","section":"679.20"}}],"corrective_action":"(a)(7)(vi) and (vii) corrected","error_corrected":"2015-01-07","error_occurred":"2014-12-26","fr_citation":"79 FR 70310","position":12,"display_in_toc":false,"title":50,"year":2015,"last_modified":"2021-12-22"},{"id":1971,"cfr_references":[{"cfr_reference":"50 CFR 32.23","hierarchy":{"title":"50","chapter":"I","subchapter":"C","part":"32","subpart":"B","section":"32.23"}}],"corrective_action":"Amended","error_corrected":"2016-11-14","error_occurred":"2016-10-04","fr_citation":"81 FR 68888","position":1,"display_in_toc":false,"title":50,"year":2016,"last_modified":"2021-12-22"},{"id":1972,"cfr_references":[{"cfr_reference":"50 CFR Part 218 Subpart L","hierarchy":{"title":"50","part":"218","subpart":"L"}}],"corrective_action":"Removed","error_corrected":"2016-01-22","error_occurred":"2015-08-03","fr_citation":"75 FR 45547","position":2,"display_in_toc":false,"title":50,"year":2016,"last_modified":"2021-12-22"},{"id":1973,"cfr_references":[{"cfr_reference":"50 CFR 223.102","hierarchy":{"title":"50","chapter":"II","subchapter":"C","part":"223","subpart":"A","section":"223.102"}}],"corrective_action":"(e) table amended","error_corrected":"2016-06-15","error_occurred":"2016-05-25","fr_citation":"81 FR 9276","position":3,"display_in_toc":false,"title":50,"year":2016,"last_modified":"2021-12-22"},{"id":1974,"cfr_references":[{"cfr_reference":"50 CFR 622.41","hierarchy":{"title":"50","chapter":"VI","part":"622","subpart":"B","section":"622.41"}}],"corrective_action":"(a)(2)(ii) reinstated; second (a)(2)(iii) removed","error_corrected":"2016-08-02","error_occurred":"2016-01-04","fr_citation":"80 FR 75436","position":4,"display_in_toc":false,"title":50,"year":2016,"last_modified":"2021-12-22"},{"id":1975,"cfr_references":[{"cfr_reference":"50 CFR 622.279","hierarchy":{"title":"50","chapter":"VI","part":"622","subpart":"M","section":"622.279"}}],"corrective_action":"(d) added","error_corrected":"2016-06-15","error_occurred":"2016-01-27","fr_citation":"80 FR 80689","position":5,"display_in_toc":false,"title":50,"year":2016,"last_modified":"2021-12-22"},{"id":1976,"cfr_references":[{"cfr_reference":"50 CFR 648.2","hierarchy":{"title":"50","chapter":"VI","part":"648","subpart":"A","section":"648.2"}}],"corrective_action":"Amended","error_corrected":"2016-01-27","error_occurred":"2015-12-01","fr_citation":"80 FR 74712","position":6,"display_in_toc":false,"title":50,"year":2016,"last_modified":"2021-12-22"},{"id":1977,"cfr_references":[{"cfr_reference":"50 CFR 648.4","hierarchy":{"title":"50","chapter":"VI","part":"648","subpart":"A","section":"648.4"}}],"corrective_action":"(a)(12)(ii) reinstated","error_corrected":"2016-01-27","error_occurred":"2015-12-01","fr_citation":"80 FR 74712","position":7,"display_in_toc":false,"title":50,"year":2016,"last_modified":"2021-12-22"},{"id":1978,"cfr_references":[{"cfr_reference":"50 CFR 648.5","hierarchy":{"title":"50","chapter":"VI","part":"648","subpart":"A","section":"648.5"}}],"corrective_action":"(a)(1) reinstated","error_corrected":"2016-01-27","error_occurred":"2015-12-01","fr_citation":"80 FR 74712","position":8,"display_in_toc":false,"title":50,"year":2016,"last_modified":"2021-12-22"},{"id":1979,"cfr_references":[{"cfr_reference":"50 CFR 648.14","hierarchy":{"title":"50","chapter":"VI","part":"648","subpart":"A","section":"648.14"}}],"corrective_action":"(w) reinstated","error_corrected":"2016-01-27","error_occurred":"2015-12-01","fr_citation":"80 FR 74712","position":9,"display_in_toc":false,"title":50,"year":2016,"last_modified":"2021-12-22"},{"id":1980,"cfr_references":[{"cfr_reference":"50 CFR 648.298","hierarchy":{"title":"50","section":"648.298"}}],"corrective_action":"Reinstated","error_corrected":"2016-01-27","error_occurred":"2015-12-01","fr_citation":"80 FR 74712","position":10,"display_in_toc":false,"title":50,"year":2016,"last_modified":"2021-12-22"},{"id":1981,"cfr_references":[{"cfr_reference":"50 CFR 679.2","hierarchy":{"title":"50","chapter":"VI","part":"679","subpart":"A","section":"679.2"}}],"corrective_action":"Amended","error_corrected":"2016-06-03","error_occurred":"2015-05-27","fr_citation":"80 FR 24730","position":11,"display_in_toc":false,"title":50,"year":2016,"last_modified":"2021-12-22"},{"id":1982,"cfr_references":[{"cfr_reference":"50 CFR 679.21","hierarchy":{"title":"50","chapter":"VI","part":"679","subpart":"B","section":"679.21"}}],"corrective_action":"(e)(3)(i)(A)(2)(ii) removed","error_corrected":"2016-07-25","error_occurred":"2015-05-27","fr_citation":"80 FR 24730","position":12,"display_in_toc":false,"title":50,"year":2016,"last_modified":"2021-12-22"},{"id":2247,"cfr_references":[{"cfr_reference":"50 CFR 17.11","hierarchy":{"title":"50","chapter":"I","subchapter":"B","part":"17","subpart":"B","section":"17.11"}}],"corrective_action":"Reinstate second entry for \"Bear, grizzly\" in table in paragraph (h)","error_corrected":"2017-09-21","error_occurred":"2017-07-31","fr_citation":"82 FR 30632","position":1,"display_in_toc":false,"title":50,"year":2017,"last_modified":"2021-12-22"},{"id":2248,"cfr_references":[{"cfr_reference":"50 CFR 17.99","hierarchy":{"title":"50","chapter":"I","subchapter":"B","part":"17","subpart":"I","section":"17.99"}}],"corrective_action":"Remove deleted material, add \"[Reserved]\" designation","error_corrected":"2017-12-06","error_occurred":"2017-11-27","fr_citation":"82 FR 49755","position":2,"display_in_toc":false,"title":50,"year":2017,"last_modified":"2021-12-22"},{"id":2249,"cfr_references":[{"cfr_reference":"50 CFR 223.102","hierarchy":{"title":"50","chapter":"II","subchapter":"C","part":"223","subpart":"A","section":"223.102"}}],"corrective_action":"(e) table amended","error_corrected":"2017-11-22","error_occurred":"2017-05-10","fr_citation":"82 FR 21740","position":3,"display_in_toc":false,"title":50,"year":2017,"last_modified":"2021-12-22"},{"id":2250,"cfr_references":[{"cfr_reference":"50 CFR 224.101","hierarchy":{"title":"50","chapter":"II","subchapter":"C","part":"224","section":"224.101"}}],"corrective_action":"(h) table amended","error_corrected":"2017-11-22","error_occurred":"2017-05-10","fr_citation":"82 FR 21740","position":4,"display_in_toc":false,"title":50,"year":2017,"last_modified":"2021-12-22"},{"id":2324,"cfr_references":[{"cfr_reference":"50 CFR 216.91","hierarchy":{"title":"50","chapter":"II","subchapter":"C","part":"216","subpart":"H","section":"216.91"}}],"corrective_action":"(a)(iv) iintroductory text revised","error_corrected":"2018-09-05","error_occurred":"2018-01-26","fr_citation":"83 FR 3626","position":1,"display_in_toc":false,"title":50,"year":2018,"last_modified":"2021-12-22"},{"id":2325,"cfr_references":[{"cfr_reference":"50 CFR 622.190","hierarchy":{"title":"50","chapter":"VI","part":"622","subpart":"I","section":"622.190"}}],"corrective_action":"(a)(2)(i) through (iii) suspension period extended; (a)(2)(iv) through (vi) reinstated and effective period extended","error_corrected":"2018-08-23","error_occurred":"2018-07-01","fr_citation":"83 FR 28387","position":2,"display_in_toc":false,"title":50,"year":2018,"last_modified":"2021-12-22"},{"id":2326,"cfr_references":[{"cfr_reference":"50 CFR 622.193","hierarchy":{"title":"50","chapter":"VI","part":"622","subpart":"I","section":"622.193"}}],"corrective_action":"(a)(1)(i), (ii), and (iii) and (a)(2) suspension period extended; (a)(1)(iv), (v), and (vi), and (a)(3) reinstated and effective period extended","error_corrected":"2018-08-23","error_occurred":"2018-07-01","fr_citation":"83 FR 28387","position":3,"display_in_toc":false,"title":50,"year":2018,"last_modified":"2021-12-22"},{"id":2327,"cfr_references":[{"cfr_reference":"50 CFR 648.89","hierarchy":{"title":"50","chapter":"VI","part":"648","subpart":"F","section":"648.89"}}],"corrective_action":"(b) and (c) reinstated","error_corrected":"2018-05-08","error_occurred":"2018-05-01","fr_citation":"83 FR 18983","position":4,"display_in_toc":false,"title":50,"year":2018,"last_modified":"2021-12-22"},{"id":2328,"cfr_references":[{"cfr_reference":"50 CFR 679.41","hierarchy":{"title":"50","chapter":"VI","part":"679","subpart":"D","section":"679.41"}}],"corrective_action":"(l)(3)(v)(E)(3) amended","error_corrected":"2018-10-24","error_occurred":"2018-10-22","fr_citation":"83 FR 47833","position":5,"display_in_toc":false,"title":50,"year":2018,"last_modified":"2021-12-22"},{"id":2329,"cfr_references":[{"cfr_reference":"50 CFR 679.45","hierarchy":{"title":"50","chapter":"VI","part":"679","subpart":"D","section":"679.45"}}],"corrective_action":"(d)(4), (e)(1)(i), (f)(1) introductory text, (f)(4), and (f)(5) amended","error_corrected":"2018-10-24","error_occurred":"2018-10-22","fr_citation":"83 FR 47833","position":6,"display_in_toc":false,"title":50,"year":2018,"last_modified":"2021-12-22"},{"id":2330,"cfr_references":[{"cfr_reference":"50 CFR 679.52","hierarchy":{"title":"50","chapter":"VI","part":"679","subpart":"E","section":"679.52"}}],"corrective_action":"(b)(1)(iii)(A), (b)(2)(iv), (b)(3)(ii)(B), and (b)(8) introductory text amended","error_corrected":"2018-08-02","error_occurred":"2018-07-30","fr_citation":"83 FR 30533","position":7,"display_in_toc":false,"title":50,"year":2018,"last_modified":"2021-12-22"},{"id":2331,"cfr_references":[{"cfr_reference":"50 CFR 679.53","hierarchy":{"title":"50","chapter":"VI","part":"679","subpart":"E","section":"679.53"}}],"corrective_action":"(a)(5)(v) introductory text amended","error_corrected":"2018-08-02","error_occurred":"2018-07-30","fr_citation":"83 FR 30533","position":8,"display_in_toc":false,"title":50,"year":2018,"last_modified":"2021-12-22"},{"id":2436,"cfr_references":[{"cfr_reference":"50 CFR 648.86","hierarchy":{"title":"50","chapter":"VI","part":"648","subpart":"F","section":"648.86"}}],"corrective_action":"(d)(1)(iv) reinstated; (d)(1)(v) removed","error_corrected":"2019-05-07","error_occurred":"2019-04-30","fr_citation":"83 FR 27713","position":1,"display_in_toc":false,"title":50,"year":2019,"last_modified":"2021-12-22"},{"id":2667,"cfr_references":[{"cfr_reference":"50 CFR 32.66","hierarchy":{"title":"50","chapter":"I","subchapter":"C","part":"32","subpart":"B","section":"32.66"}}],"corrective_action":"Paragraph (l) heading reinstated","error_corrected":"2020-10-23","error_occurred":"2020-08-31","fr_citation":"85 FR 54142","position":1,"display_in_toc":false,"title":50,"year":2020,"last_modified":"2021-12-22"},{"id":2668,"cfr_references":[{"cfr_reference":"50 CFR Part 217 Subpart I","hierarchy":{"title":"50","chapter":"II","subchapter":"C","part":"217","subpart":"I"}}],"corrective_action":"Reinstated","error_corrected":"2020-04-22","error_occurred":"2019-12-23","fr_citation":"77 FR 16736","position":2,"display_in_toc":false,"title":50,"year":2020,"last_modified":"2021-12-22"},{"id":2669,"cfr_references":[{"cfr_reference":"50 CFR Part 218 Subpart I","hierarchy":{"title":"50","chapter":"II","subchapter":"C","part":"218","subpart":"I"}}],"corrective_action":"Revised","error_corrected":"2020-04-22","error_occurred":"2019-12-23","fr_citation":"83 FR 57248","position":3,"display_in_toc":false,"title":50,"year":2020,"last_modified":"2021-12-22"},{"id":2670,"cfr_references":[{"cfr_reference":"50 CFR 622.183","hierarchy":{"title":"50","chapter":"VI","part":"622","subpart":"I","section":"622.183"}}],"corrective_action":"(a)(2) corrected; (a)(3) and (4) removed","error_corrected":"2020-11-24","error_occurred":"2020-07-15","fr_citation":"85 FR 36171","position":4,"display_in_toc":false,"title":50,"year":2020,"last_modified":"2021-12-22"},{"id":2671,"cfr_references":[{"cfr_reference":"50 CFR 622.188","hierarchy":{"title":"50","chapter":"VI","part":"622","subpart":"I","section":"622.188"}}],"corrective_action":"(a)(2) revised; (a)(3) and (4) added","error_corrected":"2020-08-14","error_occurred":"2020-07-15","fr_citation":"85 FR 36171","position":5,"display_in_toc":false,"title":50,"year":2020,"last_modified":"2021-12-22"},{"id":2672,"cfr_references":[{"cfr_reference":"50 CFR 622.373","hierarchy":{"title":"50","chapter":"VI","part":"622","subpart":"Q","section":"622.373"}}],"corrective_action":"(f) added","error_corrected":"2020-05-26","error_occurred":"2020-05-21","fr_citation":"85 FR 22045","position":6,"display_in_toc":false,"title":50,"year":2020,"last_modified":"2021-12-22"},{"id":2673,"cfr_references":[{"cfr_reference":"50 CFR 622.385","hierarchy":{"title":"50","chapter":"VI","part":"622","subpart":"Q","section":"622.385"}}],"corrective_action":"(a)(1)(ii)(E) and (iii)(E) removed","error_corrected":"2020-04-13","error_occurred":"2020-02-29","fr_citation":"84 FR 51438","position":7,"display_in_toc":false,"title":50,"year":2020,"last_modified":"2021-12-22"},{"id":2674,"cfr_references":[{"cfr_reference":"50 CFR 648.26","hierarchy":{"title":"50","chapter":"VI","part":"648","subpart":"B","section":"648.26"}}],"corrective_action":"(a)(1)(i)-(iii) and (a)(2) revised","error_corrected":"2020-01-03","error_occurred":"2019-11-29","fr_citation":"84 FR 58059","position":8,"display_in_toc":false,"title":50,"year":2020,"last_modified":"2021-12-22"},{"id":2675,"cfr_references":[{"cfr_reference":"50 CFR 648.90","hierarchy":{"title":"50","chapter":"VI","part":"648","subpart":"F","section":"648.90"}}],"corrective_action":"(b)(5)(iii) revised","error_corrected":"2020-09-14","error_occurred":"2020-08-25","fr_citation":"84 FR 52277","position":9,"display_in_toc":false,"title":50,"year":2020,"last_modified":"2021-12-22"},{"id":2676,"cfr_references":[{"cfr_reference":"50 CFR 648.260","hierarchy":{"title":"50","chapter":"VI","part":"648","subpart":"M","section":"648.260"}}],"corrective_action":"1st (a) removed","error_corrected":"2020-05-26","error_occurred":"2020-05-14","fr_citation":"85 FR 20616","position":10,"display_in_toc":false,"title":50,"year":2020,"last_modified":"2021-12-22"},{"id":2677,"cfr_references":[{"cfr_reference":"50 CFR 660.14","hierarchy":{"title":"50","chapter":"VI","part":"660","subpart":"C","section":"660.14"}}],"corrective_action":"(d)(1), (d)(2) introductory text, (d)(3), and (5) corrected","error_corrected":"2020-07-14","error_occurred":"2020-07-13","fr_citation":"85 FR 35600","position":11,"display_in_toc":false,"title":50,"year":2020,"last_modified":"2021-12-22"},{"id":2678,"cfr_references":[{"cfr_reference":"50 CFR Part 660 Subpart C","hierarchy":{"title":"50","chapter":"VI","part":"660","subpart":"C"}}],"corrective_action":"Footnotes corrected","error_corrected":"2020-01-27","error_occurred":"2020-01-16","fr_citation":"84 FR 68806 83 FR 55478","position":12,"display_in_toc":false,"title":50,"year":2020,"last_modified":"2021-12-22"},{"id":3668,"cfr_references":[{"cfr_reference":"50 CFR Part 217 Subpart M","hierarchy":{"title":"50","chapter":"II","subchapter":"C","part":"217","subpart":"M"}}],"corrective_action":"Added","error_corrected":"2021-07-06","error_occurred":"2021-07-01","fr_citation":"86 FR 27998","position":1,"display_in_toc":false,"title":50,"year":2021,"last_modified":"2021-12-22"},{"id":3669,"cfr_references":[{"cfr_reference":"50 CFR Part 217 Subpart S","hierarchy":{"title":"50","chapter":"II","subchapter":"C","part":"217","subpart":"S"}}],"corrective_action":"Added","error_corrected":"2021-01-21","error_occurred":"2021-01-19","fr_citation":"86 FR 5444","position":2,"display_in_toc":false,"title":50,"year":2021,"last_modified":"2021-12-22"},{"id":3670,"cfr_references":[{"cfr_reference":"50 CFR Part 217 Subpart S","hierarchy":{"title":"50","chapter":"II","subchapter":"C","part":"217","subpart":"S"}}],"corrective_action":"Added","error_corrected":"2021-04-21","error_occurred":"2021-04-19","fr_citation":"86 FR 5444","position":3,"display_in_toc":false,"title":50,"year":2021,"last_modified":"2021-12-22"},{"id":3671,"cfr_references":[{"cfr_reference":"50 CFR 217.185","hierarchy":{"title":"50","chapter":"II","subchapter":"C","part":"217","subpart":"S","section":"217.185"}}],"corrective_action":"(c)(14) corrected","error_corrected":"2021-04-21","error_occurred":"2021-04-19","fr_citation":"86 FR 18476","position":4,"display_in_toc":false,"title":50,"year":2021,"last_modified":"2021-12-22"},{"id":3672,"cfr_references":[{"cfr_reference":"50 CFR Part 218 Subpart I","hierarchy":{"title":"50","chapter":"II","subchapter":"C","part":"218","subpart":"I"}}],"corrective_action":"Source note revised","error_corrected":"2021-02-05","error_occurred":"2019-12-23","fr_citation":"84 FR 70781","position":5,"display_in_toc":false,"title":50,"year":2021,"last_modified":"2021-12-22"},{"id":3673,"cfr_references":[{"cfr_reference":"50 CFR 223.207","hierarchy":{"title":"50","chapter":"II","subchapter":"C","part":"223","subpart":"B","section":"223.207"}}],"corrective_action":"(a)(4), (a)(6), (a)(7)(ii)(B) and (C), and (d)(3)(ii) and (iii) revised and (d)(3)(v) added","error_corrected":"2021-08-02","error_occurred":"2021-04-01","fr_citation":"84 FR 70063","position":6,"display_in_toc":false,"title":50,"year":2021,"last_modified":"2021-12-22"},{"id":3674,"cfr_references":[{"cfr_reference":"50 CFR 622.382","hierarchy":{"title":"50","chapter":"VI","part":"622","subpart":"Q","section":"622.382"}}],"corrective_action":"(a)(1)(i) through (v) reinstated","error_corrected":"2021-03-23","error_occurred":"2021-03-16","fr_citation":"85 FR 57982","position":7,"display_in_toc":false,"title":50,"year":2021,"last_modified":"2021-12-22"},{"id":3675,"cfr_references":[{"cfr_reference":"50 CFR 648.7","hierarchy":{"title":"50","chapter":"VI","part":"648","subpart":"A","section":"648.7"}}],"corrective_action":"(b)(1)(ii) reinstated (b)(3) revised","error_corrected":"2021-04-26","error_occurred":"2020-09-03","fr_citation":"85 FR 47104","position":8,"display_in_toc":false,"title":50,"year":2021,"last_modified":"2021-12-22"},{"id":3676,"cfr_references":[{"cfr_reference":"50 CFR 648.7","hierarchy":{"title":"50","chapter":"VI","part":"648","subpart":"A","section":"648.7"}}],"corrective_action":"(b)(1)(ii) revised","error_corrected":"2021-09-16","error_occurred":"2020-09-03","fr_citation":"86 FR 47104","position":9,"display_in_toc":false,"title":50,"year":2021,"last_modified":"2021-12-22"},{"id":3677,"cfr_references":[{"cfr_reference":"50 CFR 648.7","hierarchy":{"title":"50","chapter":"VI","part":"648","subpart":"A","section":"648.7"}}],"corrective_action":"(b)(1), (c), (d), and (f)(2) revised; (e)(2) reinstated","error_corrected":"2021-08-17","error_occurred":"2020-11-10","fr_citation":"85 FR 71576","position":10,"display_in_toc":false,"title":50,"year":2021,"last_modified":"2021-12-22"},{"id":3678,"cfr_references":[{"cfr_reference":"50 CFR 648.11","hierarchy":{"title":"50","chapter":"VI","part":"648","subpart":"A","section":"648.11"}}],"corrective_action":"(m)(2)(i) reinstated","error_corrected":"2021-02-10","error_occurred":"2020-05-05","fr_citation":"85 FR 26882","position":11,"display_in_toc":false,"title":50,"year":2021,"last_modified":"2021-12-22"},{"id":3679,"cfr_references":[{"cfr_reference":"50 CFR 648.80","hierarchy":{"title":"50","chapter":"VI","part":"648","subpart":"F","section":"648.80"}}],"corrective_action":"second (d)(6) removed","error_corrected":"2021-04-26","error_occurred":"2020-05-05","fr_citation":"85 FR 26884","position":12,"display_in_toc":false,"title":50,"year":2021,"last_modified":"2021-12-22"},{"id":3764,"cfr_references":[{"cfr_reference":"50 CFR 635.27","hierarchy":{"title":"50","chapter":"VI","part":"635","subpart":"C","section":"635.27"}}],"corrective_action":"Second instance of paragraphs (a)(1)(i)(A)-(E) removed","error_corrected":"2022-07-20","error_occurred":"2022-07-01","fr_citation":"87 FR 33055","position":1,"display_in_toc":false,"title":50,"year":2022,"last_modified":"2022-07-21"},{"id":3805,"cfr_references":[{"cfr_reference":"50 CFR 648.59","hierarchy":{"title":"50","chapter":"VI","part":"648","subpart":"D","section":"648.59"}}],"corrective_action":" (a)(2) and (3) reinstated                   ","error_corrected":"2022-11-16","error_occurred":"2022-04-01","fr_citation":"87 FR 18285","position":2,"display_in_toc":false,"title":50,"year":2022,"last_modified":"2022-11-17"},{"id":3744,"cfr_references":[{"cfr_reference":"50 CFR 648.60","hierarchy":{"title":"50","chapter":"VI","part":"648","subpart":"D","section":"648.60"}}],"corrective_action":"     (a) removed; (b), through (e) and (g) through (j) corrected                                                         ","error_corrected":"2022-06-01","error_occurred":"2022-05-31","fr_citation":"87 FR 18287","position":3,"display_in_toc":false,"title":50,"year":2022,"last_modified":"2022-11-17"},{"id":3740,"cfr_references":[{"cfr_reference":"50 CFR 648.62","hierarchy":{"title":"50","chapter":"VI","part":"648","subpart":"D","section":"648.62"}}],"corrective_action":"Duplicate paragraphs (a)(2) and (3) removed; paragraphs (a)(5) and (b) correctly revised","error_corrected":"2022-05-12","error_occurred":"2022-04-01","fr_citation":"87 FR 18287","position":4,"display_in_toc":false,"title":50,"year":2022,"last_modified":"2022-11-17"},{"id":3788,"cfr_references":[{"cfr_reference":"50 CFR 648.201","hierarchy":{"title":"50","chapter":"VI","part":"648","subpart":"K","section":"648.201"}}],"corrective_action":" Second (a)(3) removed           ","error_corrected":"2022-09-23","error_occurred":"2022-08-18","fr_citation":"87 FR 42967","position":5,"display_in_toc":false,"title":50,"year":2022,"last_modified":"2022-11-17"},{"id":3879,"cfr_references":[{"cfr_reference":"50 CFR 17.11","hierarchy":{"title":"50","chapter":"I","subchapter":"B","part":"17","subpart":"B","section":"17.11"}}],"corrective_action":"Add entry for “Butterfly, Sacramento Mountains checkerspot” \r\n\r\n\r\n","error_corrected":"2023-03-07","error_occurred":"2023-03-02","fr_citation":"88 FR 6191","position":1,"display_in_toc":false,"title":50,"year":2023,"last_modified":"2023-03-08"},{"id":3951,"cfr_references":[{"cfr_reference":"50 CFR 17.11","hierarchy":{"title":"50","chapter":"I","subchapter":"B","part":"17","subpart":"B","section":"17.11"}}],"corrective_action":"(h) amended","error_corrected":"2023-07-17","error_occurred":"2023-05-03","fr_citation":"88 FR 7142","position":1,"display_in_toc":false,"title":50,"year":2023,"last_modified":"2023-09-01"},{"id":3949,"cfr_references":[{"cfr_reference":"50 CFR 17.41","hierarchy":{"title":"50","chapter":"I","subchapter":"B","part":"17","subpart":"D","section":"17.41"}}],"corrective_action":"duplicate (k)(1) introductory paragraph removed; reserved (l) restored","error_corrected":"2023-07-14","error_occurred":"2023-03-27","fr_citation":"87 FR 73971","position":2,"display_in_toc":false,"title":50,"year":2023,"last_modified":"2023-09-01"},{"id":3962,"cfr_references":[{"cfr_reference":"50 CFR 17.11","hierarchy":{"title":"50","chapter":"I","subchapter":"B","part":"17","subpart":"B","section":"17.11"}}],"corrective_action":"(h) superseded Minnow, loach entry removed","error_corrected":"2023-08-16","error_occurred":"2022-02-24","fr_citation":"86 FR 67358","position":3,"display_in_toc":false,"title":50,"year":2023,"last_modified":"2023-09-01"},{"id":4023,"cfr_references":[{"cfr_reference":"50 CFR 17.44","hierarchy":{"title":"50","chapter":"I","subchapter":"B","part":"17","subpart":"D","section":"17.44"}}],"corrective_action":"(gg) and (hh) added","error_corrected":"2023-12-19","error_occurred":"2023-10-27","fr_citation":"88 FR 66295","position":4,"display_in_toc":false,"title":50,"year":2023,"last_modified":"2023-12-20"},{"id":3944,"cfr_references":[{"cfr_reference":"50 CFR 17.54","hierarchy":{"title":"50","section":"17.54"}}],"corrective_action":"(c) and (d) added","error_corrected":"2023-06-27","error_occurred":"2023-04-10","fr_citation":"88 FR 14794","position":5,"display_in_toc":false,"title":50,"year":2023,"last_modified":"2023-12-20"},{"id":3909,"cfr_references":[{"cfr_reference":"50 CFR 17.84","hierarchy":{"title":"50","chapter":"I","subchapter":"B","part":"17","subpart":"H","section":"17.84"}}],"corrective_action":"Add paragraph (a) Guam kingfisher, sihek","error_corrected":"2023-05-17","error_occurred":"2023-05-04","fr_citation":"88 FR 19894","position":6,"display_in_toc":false,"title":50,"year":2023,"last_modified":"2023-12-20"},{"id":3866,"cfr_references":[{"cfr_reference":"50 CFR 622.34","hierarchy":{"title":"50","chapter":"VI","part":"622","subpart":"B","section":"622.34"}}],"corrective_action":"Paragraph (c) suspended; paragraph (h) reinstated","error_corrected":"2023-01-30","error_occurred":"2023-01-23","fr_citation":"87 FR 77527","position":7,"display_in_toc":false,"title":50,"year":2023,"last_modified":"2023-12-20"},{"id":3980,"cfr_references":[{"cfr_reference":"50 CFR 223.102","hierarchy":{"title":"50","chapter":"II","subchapter":"C","part":"223","subpart":"A","section":"223.102"}}],"corrective_action":"Entry for \"Salmon, Chinook (Central Valley spring-run ESU\u0026ndash;XN Yuba)\" under \"Fishes\" corrected","error_corrected":"2023-08-31","error_occurred":"2023-01-27","fr_citation":"87 FR 79817","position":8,"display_in_toc":false,"title":50,"year":2023,"last_modified":"2023-12-20"},{"id":3855,"cfr_references":[{"cfr_reference":"50 CFR 622.41","hierarchy":{"title":"50","chapter":"VI","part":"622","subpart":"B","section":"622.41"}}],"corrective_action":"(q)(2)(iii)(C) amended","error_corrected":"2023-01-05","error_occurred":"2023-01-01","fr_citation":"87 FR 74021","position":9,"display_in_toc":false,"title":50,"year":2023,"last_modified":"2023-12-20"},{"id":3881,"cfr_references":[{"cfr_reference":"50 CFR 648.87","hierarchy":{"title":"50","chapter":"VI","part":"648","subpart":"F","section":"648.87"}}],"corrective_action":"Second (b)(2) and (3) removed","error_corrected":"2023-03-09","error_occurred":"2023-01-09","fr_citation":"87 FR 75888","position":10,"display_in_toc":false,"title":50,"year":2023,"last_modified":"2023-12-20"},{"id":3858,"cfr_references":[{"cfr_reference":"50 CFR 660.71","hierarchy":{"title":"50","chapter":"VI","part":"660","subpart":"C","section":"660.71"}}],"corrective_action":" (e)(398) and (399) correctly designated as (e)(298) and (299)\r\n           \r\n","error_corrected":"2023-01-09","error_occurred":"2023-01-01","fr_citation":"87 FR 77015","position":11,"display_in_toc":false,"title":50,"year":2023,"last_modified":"2023-12-20"},{"id":4008,"cfr_references":[{"cfr_reference":"50 CFR 648.104","hierarchy":{"title":"50","chapter":"VI","part":"648","subpart":"G","section":"648.104"}}],"corrective_action":"(c) reinstated","error_corrected":"2023-11-16","error_occurred":"2023-08-15","fr_citation":"88 55418","position":12,"display_in_toc":false,"title":50,"year":2023,"last_modified":"2023-12-20"},{"id":4210,"cfr_references":[{"cfr_reference":"50 CFR 13.11","hierarchy":{"title":"50","chapter":"I","subchapter":"B","part":"13","subpart":"B","section":"13.11"}}],"corrective_action":"(d)(4) table footnotes restored","error_corrected":"2024-10-11","error_occurred":"2024-04-12","fr_citation":"89 FR 9956","position":1,"display_in_toc":false,"title":50,"year":2024,"last_modified":"2024-10-15"},{"id":4099,"cfr_references":[{"cfr_reference":"50 CFR 17.11","hierarchy":{"title":"50","chapter":"I","subchapter":"B","part":"17","subpart":"B","section":"17.11"}}],"corrective_action":"Revised definitions added for: MAMMALS: Margay, Leopardas BIRDS: Condor, California; Kite, Everglade snail; Parrot, Thick-billed; Rail, lightfooted Ridgway’s; Rail, Yuma Ridgway’s FISHES: Topminnow, Gila (incl. Yaque) INSECTS: Skipper, Carson wandering","error_corrected":"2024-04-01","error_occurred":"2023-12-19","fr_citation":"88 FR 64830","position":2,"display_in_toc":false,"title":50,"year":2024,"last_modified":"2024-10-15"},{"id":4198,"cfr_references":[{"cfr_reference":"50 CFR 17.11","hierarchy":{"title":"50","chapter":"I","subchapter":"B","part":"17","subpart":"B","section":"17.11"}}],"corrective_action":"Add back in three entries for Salmon, Chinook that were mistakenly removed","error_corrected":"2024-08-30","error_occurred":"2024-08-12","fr_citation":"89 FR 65553","position":3,"display_in_toc":false,"title":50,"year":2024,"last_modified":"2024-10-15"},{"id":4201,"cfr_references":[{"cfr_reference":"50 CFR 17.11","hierarchy":{"title":"50","chapter":"I","subchapter":"B","part":"17","subpart":"B","section":"17.11"}}],"corrective_action":"Add an entry for “Turtle, Barbour’s Map”","error_corrected":"2024-09-12","error_occurred":"2024-08-12","fr_citation":"89 FR 57235","position":4,"display_in_toc":false,"title":50,"year":2024,"last_modified":"2024-10-15"},{"id":4098,"cfr_references":[{"cfr_reference":"50 CFR 17.84","hierarchy":{"title":"50","chapter":"I","subchapter":"B","part":"17","subpart":"H","section":"17.84"}}],"corrective_action":"(n) added","error_corrected":"2024-03-27","error_occurred":"2023-11-08","fr_citation":"88 FR 77036","position":5,"display_in_toc":false,"title":50,"year":2024,"last_modified":"2024-10-15"},{"id":4039,"cfr_references":[{"cfr_reference":"50 CFR Part 217 Subpart I","hierarchy":{"title":"50","chapter":"II","subchapter":"C","part":"217","subpart":"I"}}],"corrective_action":"Subpart I removed","error_corrected":"2024-01-29","error_occurred":"2017-04-24","fr_citation":"77 FR 16736","position":6,"display_in_toc":true,"title":50,"year":2024,"last_modified":"2024-10-15"},{"id":4032,"cfr_references":[{"cfr_reference":"50 CFR 622.190","hierarchy":{"title":"50","chapter":"VI","part":"622","subpart":"I","section":"622.190"}}],"corrective_action":"(a)(3)(iii) added","error_corrected":"2024-01-18","error_occurred":"2024-01-03","fr_citation":"89 FR 277","position":7,"display_in_toc":false,"title":50,"year":2024,"last_modified":"2024-10-15"},{"id":4033,"cfr_references":[{"cfr_reference":"50 CFR 622.191","hierarchy":{"title":"50","chapter":"VI","part":"622","subpart":"I","section":"622.191"}}],"corrective_action":"(a)(5) revised","error_corrected":"2024-01-18","error_occurred":"2024-01-03","fr_citation":"89 FR 277","position":8,"display_in_toc":false,"title":50,"year":2024,"last_modified":"2024-10-15"},{"id":4034,"cfr_references":[{"cfr_reference":"50 CFR 648.51","hierarchy":{"title":"50","chapter":"VI","part":"648","subpart":"D","section":"648.51"}}],"corrective_action":"first (b)(4)(v) removed","error_corrected":"2024-01-19","error_occurred":"2023-02-06","fr_citation":"88 FR 7628","position":9,"display_in_toc":false,"title":50,"year":2024,"last_modified":"2024-10-15"},{"id":4035,"cfr_references":[{"cfr_reference":"50 CFR 648.104","hierarchy":{"title":"50","chapter":"VI","part":"648","subpart":"G","section":"648.104"}}],"corrective_action":"(c) reinstated","error_corrected":"2024-01-19","error_occurred":"2023-08-15","fr_citation":"88 FR 55418","position":10,"display_in_toc":false,"title":50,"year":2024,"last_modified":"2024-10-15"},{"id":4307,"cfr_references":[{"cfr_reference":"50 CFR Part 660 Subpart F","hierarchy":{"title":"50","chapter":"VI","part":"660","subpart":"F"}}],"corrective_action":"Table 3b (North) entry corrected","error_corrected":"2025-03-17","error_occurred":"2025-03-06","fr_citation":"90 FR 11390","position":1,"display_in_toc":false,"title":50,"year":2025,"last_modified":"2025-03-18"},{"id":4305,"cfr_references":[{"cfr_reference":"50 CFR Part 660 Subpart F","hierarchy":{"title":"50","chapter":"VI","part":"660","subpart":"F"}}],"corrective_action":"Table 3b (North) entry corrected","error_corrected":"2025-03-14","error_occurred":"2025-03-06","fr_citation":"90 FR 11390","position":2,"display_in_toc":false,"title":50,"year":2025,"last_modified":"2025-03-18"}]}