{"ecfr_corrections":[{"id":23,"cfr_references":[{"cfr_reference":"36 CFR 13.69","hierarchy":{"title":"36","section":"13.69"}}],"corrective_action":"(a)(1) revised","error_corrected":"2005-08-25","error_occurred":"2005-01-03","fr_citation":"69 FR 70073","position":1,"display_in_toc":false,"title":36,"year":2005,"last_modified":"2021-12-22"},{"id":292,"cfr_references":[{"cfr_reference":"36 CFR 242.22","hierarchy":{"title":"36","chapter":"II","part":"242","subpart":"C","section":"242.22"}}],"corrective_action":"(a)(10) corrected; (a)(11) removed","error_corrected":"2007-07-01","error_occurred":"2007-06-26","fr_citation":"71 FR 46401","position":1,"display_in_toc":false,"title":36,"year":2007,"last_modified":"2021-12-22"},{"id":293,"cfr_references":[{"cfr_reference":"36 CFR 242.26","hierarchy":{"title":"36","chapter":"II","part":"242","subpart":"D","section":"242.26"}}],"corrective_action":"Added","error_corrected":"2007-07-11","error_occurred":"2006-06-30","fr_citation":"71 FR 37658","position":2,"display_in_toc":false,"title":36,"year":2007,"last_modified":"2021-12-22"},{"id":861,"cfr_references":[{"cfr_reference":"36 CFR Part 7","hierarchy":{"title":"36","chapter":"I","part":"7"}}],"corrective_action":"Table amended","error_corrected":"2010-07-25","error_occurred":"2009-08-06","fr_citation":"74 FR 51239","position":1,"display_in_toc":false,"title":36,"year":2010,"last_modified":"2021-12-22"},{"id":1543,"cfr_references":[{"cfr_reference":"36 CFR Part 1191","hierarchy":{"title":"36","chapter":"XI","part":"1191"}}],"corrective_action":"Appendix B amended","error_corrected":"2014-09-04","error_occurred":"2014-06-06","fr_citation":"79 FR 26138","position":1,"display_in_toc":false,"title":36,"year":2014,"last_modified":"2021-12-22"},{"id":1544,"cfr_references":[{"cfr_reference":"36 CFR Part 1191","hierarchy":{"title":"36","chapter":"XI","part":"1191"}}],"corrective_action":"Appendix C amended","error_corrected":"2014-09-19","error_occurred":"2014-06-06","fr_citation":"79 FR 26139","position":2,"display_in_toc":false,"title":36,"year":2014,"last_modified":"2021-12-22"},{"id":1545,"cfr_references":[{"cfr_reference":"36 CFR Part 1191","hierarchy":{"title":"36","chapter":"XI","part":"1191"}}],"corrective_action":"Appendix D amended","error_corrected":"2014-06-17","error_occurred":"2014-06-06","fr_citation":"79 FR 26142","position":3,"display_in_toc":false,"title":36,"year":2014,"last_modified":"2021-12-22"},{"id":1546,"cfr_references":[{"cfr_reference":"36 CFR Part 1191","hierarchy":{"title":"36","chapter":"XI","part":"1191"}}],"corrective_action":"Appendix D, amended","error_corrected":"2014-09-05","error_occurred":"2014-06-06","fr_citation":"79 FR 26142","position":4,"display_in_toc":false,"title":36,"year":2014,"last_modified":"2021-12-22"},{"id":1547,"cfr_references":[{"cfr_reference":"36 CFR 1206.72","hierarchy":{"title":"36","chapter":"XII","subchapter":"A","part":"1206","subpart":"F","section":"1206.72"}}],"corrective_action":"Link added","error_corrected":"2014-12-22","error_occurred":"2014-12-19","fr_citation":"79 FR 76080","position":5,"display_in_toc":false,"title":36,"year":2014,"last_modified":"2021-12-22"},{"id":4172,"cfr_references":[{"cfr_reference":"36 CFR 242.27","hierarchy":{"title":"36","chapter":"II","part":"242","subpart":"D","section":"242.27"}}],"corrective_action":"(e)(13) correctly revised","error_corrected":"2024-06-26","error_occurred":"2024-02-29","fr_citation":"89 FR 14756","position":1,"display_in_toc":false,"title":36,"year":2024,"last_modified":"2024-06-26"}]}