{"ecfr_corrections":[{"id":145,"cfr_references":[{"cfr_reference":"27 CFR 9.162","hierarchy":{"title":"27","chapter":"I","subchapter":"A","part":"9","subpart":"C","section":"9.162"}}],"corrective_action":"Amended","error_corrected":"2006-03-07","error_occurred":"2005-12-07","fr_citation":"70 FR 72713","position":1,"display_in_toc":false,"title":27,"year":2006,"last_modified":"2021-12-22"},{"id":146,"cfr_references":[{"cfr_reference":"27 CFR 41.86","hierarchy":{"title":"27","chapter":"I","subchapter":"B","part":"41","subpart":"F","subject_group":"ECFRb6e0d6d6eb98d3f","section":"41.86"}}],"corrective_action":"(d) amended","error_corrected":"2006-02-14","error_occurred":"2004-08-26","fr_citation":"69 FR 52425","position":2,"display_in_toc":false,"title":27,"year":2006,"last_modified":"2021-12-22"},{"id":147,"cfr_references":[{"cfr_reference":"27 CFR 41.126","hierarchy":{"title":"27","chapter":"I","subchapter":"B","part":"41","subpart":"G","subject_group":"ECFR82e2551b74ec23b","section":"41.126"}}],"corrective_action":"Amended","error_corrected":"2006-02-14","error_occurred":"2004-08-26","fr_citation":"69 FR 52425","position":3,"display_in_toc":false,"title":27,"year":2006,"last_modified":"2021-12-22"},{"id":445,"cfr_references":[{"cfr_reference":"27 CFR 24.148","hierarchy":{"title":"27","chapter":"I","subchapter":"A","part":"24","subpart":"D","subject_group":"ECFR3118be064d246b7","section":"24.148"}}],"corrective_action":"Revised","error_corrected":"2008-12-02","error_occurred":"2007-11-21","fr_citation":"72 FR 65454","position":1,"display_in_toc":false,"title":27,"year":2008,"last_modified":"2021-12-22"},{"id":446,"cfr_references":[{"cfr_reference":"27 CFR 478.47","hierarchy":{"title":"27","chapter":"II","subchapter":"B","part":"478","subpart":"D","section":"478.47"}}],"corrective_action":"(6)(i) through (iv) removed","error_corrected":"2008-11-28","error_occurred":"2008-10-02","fr_citation":"73 FR 57241","position":2,"display_in_toc":false,"title":27,"year":2008,"last_modified":"2021-12-22"},{"id":996,"cfr_references":[{"cfr_reference":"27 CFR 40.313","hierarchy":{"title":"27","chapter":"I","subchapter":"B","part":"40","subpart":"I","subject_group":"ECFR50ca6a23d03980b","section":"40.313"}}],"corrective_action":"Amended","error_corrected":"2011-04-11","error_occurred":"2011-03-03","fr_citation":"76 FR 5480","position":1,"display_in_toc":false,"title":27,"year":2011,"last_modified":"2021-12-22"},{"id":1164,"cfr_references":[{"cfr_reference":"27 CFR 478.124","hierarchy":{"title":"27","chapter":"II","subchapter":"B","part":"478","subpart":"H","section":"478.124"}}],"corrective_action":"(d) amended","error_corrected":"2012-10-10","error_occurred":"2012-07-09","fr_citation":"77 FR 33634","position":1,"display_in_toc":false,"title":27,"year":2012,"last_modified":"2021-12-22"},{"id":1875,"cfr_references":[{"cfr_reference":"27 CFR 555.11","hierarchy":{"title":"27","chapter":"II","subchapter":"C","part":"555","subpart":"B","section":"555.11"}}],"corrective_action":"Amended","error_corrected":"2016-03-31","error_occurred":"2015-10-02","fr_citation":"80 FR 59581","position":1,"display_in_toc":false,"title":27,"year":2016,"last_modified":"2021-12-22"},{"id":2063,"cfr_references":[{"cfr_reference":"27 CFR 20.141","hierarchy":{"title":"27","chapter":"I","subchapter":"A","part":"20","subpart":"H","section":"20.141"}}],"corrective_action":"(a) amended","error_corrected":"2017-06-07","error_occurred":"2016-10-31","fr_citation":"81 FR 59459","position":1,"display_in_toc":false,"title":27,"year":2017,"last_modified":"2021-12-22"},{"id":2064,"cfr_references":[{"cfr_reference":"27 CFR 20.265","hierarchy":{"title":"27","chapter":"I","subchapter":"A","part":"20","subpart":"P","section":"20.265"}}],"corrective_action":"OMB control number amended","error_corrected":"2017-06-07","error_occurred":"2016-10-31","fr_citation":"81 FR 59456","position":2,"display_in_toc":false,"title":27,"year":2017,"last_modified":"2021-12-22"},{"id":2065,"cfr_references":[{"cfr_reference":"27 CFR 478.72","hierarchy":{"title":"27","chapter":"II","subchapter":"B","part":"478","subpart":"E","section":"478.72"}}],"corrective_action":"Amended","error_corrected":"2017-05-02","error_occurred":"2016-07-22","fr_citation":"82 FR 32235","position":3,"display_in_toc":false,"title":27,"year":2017,"last_modified":"2021-12-22"},{"id":2369,"cfr_references":[{"cfr_reference":"27 CFR 478.116","hierarchy":{"title":"27","chapter":"II","subchapter":"B","part":"478","subpart":"G","section":"478.116"}}],"corrective_action":"Section amended","error_corrected":"2019-04-12","error_occurred":"2019-04-01","fr_citation":"84 FR 12094","position":1,"display_in_toc":false,"title":27,"year":2019,"last_modified":"2021-12-22"},{"id":3572,"cfr_references":[{"cfr_reference":"27 CFR 70.412","hierarchy":{"title":"27","chapter":"I","subchapter":"F","part":"70","subpart":"E","subject_group":"ECFRb8d83f76453f6d3","section":"70.412"}}],"corrective_action":"(a) corrected","error_corrected":"2021-07-16","error_occurred":"2020-06-02","fr_citation":"85 FR 33542","position":1,"display_in_toc":false,"title":27,"year":2021,"last_modified":"2021-12-22"},{"id":3760,"cfr_references":[{"cfr_reference":"27 CFR 9.283","hierarchy":{"title":"27","chapter":"I","subchapter":"A","part":"9","subpart":"C","section":"9.283"}}],"corrective_action":"Added","error_corrected":"2022-06-22","error_occurred":"2022-05-23","fr_citation":"87 FR 31180","position":1,"display_in_toc":false,"title":27,"year":2022,"last_modified":"2022-07-01"},{"id":3783,"cfr_references":[{"cfr_reference":"27 CFR 24.226","hierarchy":{"title":"27","chapter":"I","subchapter":"A","part":"24","subpart":"K","section":"24.226"}}],"corrective_action":"Reinstated","error_corrected":"2022-08-25","error_occurred":"2022-08-24","fr_citation":"87 FR 51897","position":2,"display_in_toc":false,"title":27,"year":2022,"last_modified":"2022-08-28"},{"id":4119,"cfr_references":[{"cfr_reference":"27 CFR 9.293","hierarchy":{"title":"27","chapter":"I","subchapter":"A","part":"9","subpart":"C","section":"9.293"}}],"corrective_action":"Section incorrectly added prior to effective date","error_corrected":"2024-05-28","error_occurred":"2024-04-25","fr_citation":"89 FR 31635","position":1,"display_in_toc":false,"title":27,"year":2024,"last_modified":"2024-05-30"},{"id":4247,"cfr_references":[{"cfr_reference":"27 CFR 70.431","hierarchy":{"title":"27","chapter":"I","subchapter":"F","part":"70","subpart":"E","subject_group":"ECFRa5e6dca003f10b1","section":"70.431"}}],"corrective_action":"Removed authority citation","error_corrected":"2024-12-12","error_occurred":"2024-12-06","fr_citation":"89 FR 87952","position":2,"display_in_toc":false,"title":27,"year":2024,"last_modified":"2024-12-12"},{"id":4248,"cfr_references":[{"cfr_reference":"27 CFR 70.433","hierarchy":{"title":"27","chapter":"I","subchapter":"F","part":"70","subpart":"E","subject_group":"ECFRa5e6dca003f10b1","section":"70.433"}}],"corrective_action":"Removed authority citation","error_corrected":"2024-12-12","error_occurred":"2024-12-06","fr_citation":"89 FR 87952","position":3,"display_in_toc":false,"title":27,"year":2024,"last_modified":"2024-12-12"}]}