{"ecfr_corrections":[{"id":96,"cfr_references":[{"cfr_reference":"14 CFR Part 21","hierarchy":{"title":"14","chapter":"I","subchapter":"C","part":"21"}}],"corrective_action":"Authority citation revised","error_corrected":"2006-09-25","error_occurred":"2006-09-01","fr_citation":"71 FR 52258","position":1,"display_in_toc":false,"title":14,"year":2006,"last_modified":"2021-12-22"},{"id":97,"cfr_references":[{"cfr_reference":"14 CFR 21.6","hierarchy":{"title":"14","chapter":"I","subchapter":"C","part":"21","subpart":"A","section":"21.6"}}],"corrective_action":"Added","error_corrected":"2006-09-25","error_occurred":"2006-09-01","fr_citation":"71 FR 52258","position":2,"display_in_toc":false,"title":14,"year":2006,"last_modified":"2021-12-22"},{"id":98,"cfr_references":[{"cfr_reference":"14 CFR 21.55","hierarchy":{"title":"14","chapter":"I","subchapter":"C","part":"21","subpart":"B","section":"21.55"}}],"corrective_action":"Added","error_corrected":"2006-09-25","error_occurred":"2006-09-01","fr_citation":"71 FR 52258","position":3,"display_in_toc":false,"title":14,"year":2006,"last_modified":"2021-12-22"},{"id":99,"cfr_references":[{"cfr_reference":"14 CFR 21.120","hierarchy":{"title":"14","chapter":"I","subchapter":"C","part":"21","subpart":"E","section":"21.120"}}],"corrective_action":"Added","error_corrected":"2006-09-25","error_occurred":"2006-09-01","fr_citation":"71 FR 52258","position":4,"display_in_toc":false,"title":14,"year":2006,"last_modified":"2021-12-22"},{"id":100,"cfr_references":[{"cfr_reference":"14 CFR 21.183","hierarchy":{"title":"14","chapter":"I","subchapter":"C","part":"21","subpart":"H","section":"21.183"}}],"corrective_action":"(d) introductory text revised; (h) added","error_corrected":"2006-09-25","error_occurred":"2006-09-01","fr_citation":"71 FR 52258","position":5,"display_in_toc":false,"title":14,"year":2006,"last_modified":"2021-12-22"},{"id":101,"cfr_references":[{"cfr_reference":"14 CFR 71.31","hierarchy":{"title":"14","chapter":"I","subchapter":"E","part":"71","subpart":"A","section":"71.31"}}],"corrective_action":"Amended","error_corrected":"2006-02-01","error_occurred":"2005-09-01","fr_citation":"70 FR 52013","position":6,"display_in_toc":false,"title":14,"year":2006,"last_modified":"2021-12-22"},{"id":102,"cfr_references":[{"cfr_reference":"14 CFR 71.41","hierarchy":{"title":"14","chapter":"I","subchapter":"E","part":"71","subpart":"B","section":"71.41"}}],"corrective_action":"Amended","error_corrected":"2006-02-01","error_occurred":"2005-09-01","fr_citation":"70 FR 52013","position":7,"display_in_toc":false,"title":14,"year":2006,"last_modified":"2021-12-22"},{"id":103,"cfr_references":[{"cfr_reference":"14 CFR 71.51","hierarchy":{"title":"14","chapter":"I","subchapter":"E","part":"71","subpart":"C","section":"71.51"}}],"corrective_action":"Amended","error_corrected":"2006-02-01","error_occurred":"2005-09-01","fr_citation":"70 FR 52013","position":8,"display_in_toc":false,"title":14,"year":2006,"last_modified":"2021-12-22"},{"id":104,"cfr_references":[{"cfr_reference":"14 CFR 71.61","hierarchy":{"title":"14","chapter":"I","subchapter":"E","part":"71","subpart":"D","section":"71.61"}}],"corrective_action":"Amended","error_corrected":"2006-02-01","error_occurred":"2005-09-01","fr_citation":"70 FR 52013","position":9,"display_in_toc":false,"title":14,"year":2006,"last_modified":"2021-12-22"},{"id":105,"cfr_references":[{"cfr_reference":"14 CFR 158.23","hierarchy":{"title":"14","chapter":"I","subchapter":"I","part":"158","subpart":"B","section":"158.23"}}],"corrective_action":"(a) introductory text revised","error_corrected":"2006-01-25","error_occurred":"2005-03-23","fr_citation":"70 FR 14934","position":10,"display_in_toc":false,"title":14,"year":2006,"last_modified":"2021-12-22"},{"id":106,"cfr_references":[{"cfr_reference":"14 CFR 1230.101","hierarchy":{"title":"14","chapter":"V","part":"1230","section":"1230.101"}}],"corrective_action":"(i) and (i) footnote amended","error_corrected":"2006-01-09","error_occurred":"2005-06-23","fr_citation":"70 FR 36328","position":11,"display_in_toc":false,"title":14,"year":2006,"last_modified":"2021-12-22"},{"id":107,"cfr_references":[{"cfr_reference":"14 CFR 1230.103","hierarchy":{"title":"14","chapter":"V","part":"1230","section":"1230.103"}}],"corrective_action":"(a) and (b)(3) amended; OMB parenthetical revised","error_corrected":"2006-01-09","error_occurred":"2005-06-23","fr_citation":"70 FR 36328","position":12,"display_in_toc":false,"title":14,"year":2006,"last_modified":"2021-12-22"},{"id":108,"cfr_references":[{"cfr_reference":"14 CFR 1230.109","hierarchy":{"title":"14","chapter":"V","part":"1230","section":"1230.109"}}],"corrective_action":"OMB parenthetical revised","error_corrected":"2006-01-09","error_occurred":"2005-06-23","fr_citation":"70 FR 36328","position":13,"display_in_toc":false,"title":14,"year":2006,"last_modified":"2021-12-22"},{"id":109,"cfr_references":[{"cfr_reference":"14 CFR 1230.110","hierarchy":{"title":"14","chapter":"V","part":"1230","section":"1230.110"}}],"corrective_action":"(a) amended","error_corrected":"2006-01-09","error_occurred":"2005-06-23","fr_citation":"70 FR 36328","position":14,"display_in_toc":false,"title":14,"year":2006,"last_modified":"2021-12-22"},{"id":110,"cfr_references":[{"cfr_reference":"14 CFR 1230.113","hierarchy":{"title":"14","chapter":"V","part":"1230","section":"1230.113"}}],"corrective_action":"OMB parenthetical revised","error_corrected":"2006-01-09","error_occurred":"2005-06-23","fr_citation":"70 FR 36328","position":15,"display_in_toc":false,"title":14,"year":2006,"last_modified":"2021-12-22"},{"id":111,"cfr_references":[{"cfr_reference":"14 CFR 1230.115","hierarchy":{"title":"14","chapter":"V","part":"1230","section":"1230.115"}}],"corrective_action":"OMB parenthetical revised","error_corrected":"2006-01-09","error_occurred":"2005-06-23","fr_citation":"70 FR 36328","position":16,"display_in_toc":false,"title":14,"year":2006,"last_modified":"2021-12-22"},{"id":112,"cfr_references":[{"cfr_reference":"14 CFR 1230.116","hierarchy":{"title":"14","chapter":"V","part":"1230","section":"1230.116"}}],"corrective_action":"OMB parenthetical revised","error_corrected":"2006-01-09","error_occurred":"2005-06-23","fr_citation":"70 FR 36328","position":17,"display_in_toc":false,"title":14,"year":2006,"last_modified":"2021-12-22"},{"id":113,"cfr_references":[{"cfr_reference":"14 CFR 1230.117","hierarchy":{"title":"14","chapter":"V","part":"1230","section":"1230.117"}}],"corrective_action":"OMB parenthetical revised","error_corrected":"2006-01-09","error_occurred":"2005-06-23","fr_citation":"70 FR 36328","position":18,"display_in_toc":false,"title":14,"year":2006,"last_modified":"2021-12-22"},{"id":252,"cfr_references":[{"cfr_reference":"14 CFR 23.561","hierarchy":{"title":"14","section":"23.561"}}],"corrective_action":"(d)(1) revised","error_corrected":"2007-10-23","error_occurred":"1996-03-11","fr_citation":"61 FR 5147","position":1,"display_in_toc":false,"title":14,"year":2007,"last_modified":"2021-12-22"},{"id":253,"cfr_references":[{"cfr_reference":"14 CFR 23.561","hierarchy":{"title":"14","section":"23.561"}}],"corrective_action":"(d)(1) correctly revised","error_corrected":"2007-12-27","error_occurred":"1996-03-11","fr_citation":"72 FR 72915","position":2,"display_in_toc":false,"title":14,"year":2007,"last_modified":"2021-12-22"},{"id":254,"cfr_references":[{"cfr_reference":"14 CFR Part 121","hierarchy":{"title":"14","chapter":"I","subchapter":"G","part":"121"}}],"corrective_action":"Paragraph D.2. removed","error_corrected":"2007-03-23","error_occurred":"2006-07-21","fr_citation":"71 FR 35764","position":3,"display_in_toc":false,"title":14,"year":2007,"last_modified":"2021-12-22"},{"id":399,"cfr_references":[{"cfr_reference":"14 CFR 25.1301","hierarchy":{"title":"14","chapter":"I","subchapter":"C","part":"25","subpart":"F","subject_group":"ECFR9f24bf451b0d2b1","section":"25.1301"}}],"corrective_action":"(b) added","error_corrected":"2008-01-16","error_occurred":"2007-12-10","fr_citation":"72 FR 63405","position":1,"display_in_toc":false,"title":14,"year":2008,"last_modified":"2021-12-22"},{"id":400,"cfr_references":[{"cfr_reference":"14 CFR 27.49","hierarchy":{"title":"14","chapter":"I","subchapter":"C","part":"27","subpart":"B","subject_group":"ECFR0800f10348cea0b","section":"27.49"}}],"corrective_action":"Redesignated from 27.73 and revised","error_corrected":"2008-11-20","error_occurred":"2008-03-31","fr_citation":"73 FR 10998","position":2,"display_in_toc":false,"title":14,"year":2008,"last_modified":"2021-12-22"},{"id":401,"cfr_references":[{"cfr_reference":"14 CFR 198.3","hierarchy":{"title":"14","chapter":"I","subchapter":"N","part":"198","section":"198.3"}}],"corrective_action":"(a) amended","error_corrected":"2008-12-26","error_occurred":"1998-03-20","fr_citation":"63 FR 13739","position":3,"display_in_toc":false,"title":14,"year":2008,"last_modified":"2021-12-22"},{"id":622,"cfr_references":[{"cfr_reference":"14 CFR 60.5","hierarchy":{"title":"14","chapter":"I","subchapter":"D","part":"60","section":"60.5"}}],"corrective_action":"(a) amended","error_corrected":"2009-12-22","error_occurred":"2007-05-30","fr_citation":"72 FR 59599","position":1,"display_in_toc":false,"title":14,"year":2009,"last_modified":"2021-12-22"},{"id":623,"cfr_references":[{"cfr_reference":"14 CFR 60.7","hierarchy":{"title":"14","chapter":"I","subchapter":"D","part":"60","section":"60.7"}}],"corrective_action":"(b)(5) and (6)  amended","error_corrected":"2009-12-22","error_occurred":"2007-05-30","fr_citation":"72 FR 59599","position":2,"display_in_toc":false,"title":14,"year":2009,"last_modified":"2021-12-22"},{"id":624,"cfr_references":[{"cfr_reference":"14 CFR 60.17","hierarchy":{"title":"14","chapter":"I","subchapter":"D","part":"60","section":"60.17"}}],"corrective_action":"(a), (b) and (d) amended","error_corrected":"2009-12-22","error_occurred":"2007-05-30","fr_citation":"72 FR 59599","position":3,"display_in_toc":false,"title":14,"year":2009,"last_modified":"2021-12-22"},{"id":625,"cfr_references":[{"cfr_reference":"14 CFR 212.10","hierarchy":{"title":"14","chapter":"II","subchapter":"A","part":"212","section":"212.10"}}],"corrective_action":"(a) amended","error_corrected":"2009-03-20","error_occurred":"2008-06-12","fr_citation":"73 FR 33327","position":4,"display_in_toc":false,"title":14,"year":2009,"last_modified":"2021-12-22"},{"id":626,"cfr_references":[{"cfr_reference":"14 CFR Part 241","hierarchy":{"title":"14","chapter":"II","subchapter":"A","part":"241"}}],"corrective_action":"Section 25, App., (e) amended","error_corrected":"2009-03-20","error_occurred":"2008-06-12","fr_citation":"73 FR 33327","position":5,"display_in_toc":false,"title":14,"year":2009,"last_modified":"2021-12-22"},{"id":627,"cfr_references":[{"cfr_reference":"14 CFR 298.61","hierarchy":{"title":"14","chapter":"II","subchapter":"A","part":"298","subpart":"F","section":"298.61"}}],"corrective_action":"App. (e) amended","error_corrected":"2009-03-20","error_occurred":"2008-06-12","fr_citation":"73 FR 33327","position":6,"display_in_toc":false,"title":14,"year":2009,"last_modified":"2021-12-22"},{"id":830,"cfr_references":[{"cfr_reference":"14 CFR 47.5","hierarchy":{"title":"14","chapter":"I","subchapter":"C","part":"47","subpart":"A","section":"47.5"}}],"corrective_action":"(a) amended","error_corrected":"2010-10-12","error_occurred":"2010-10-01","fr_citation":"75 FR 41979","position":1,"display_in_toc":false,"title":14,"year":2010,"last_modified":"2021-12-22"},{"id":831,"cfr_references":[{"cfr_reference":"14 CFR 47.15","hierarchy":{"title":"14","chapter":"I","subchapter":"C","part":"47","subpart":"A","section":"47.15"}}],"corrective_action":"(a)(1), (a)(3) introductory text, (b), (d)  amended","error_corrected":"2010-10-12","error_occurred":"2010-10-01","fr_citation":"75 FR 41980","position":2,"display_in_toc":false,"title":14,"year":2010,"last_modified":"2021-12-22"},{"id":832,"cfr_references":[{"cfr_reference":"14 CFR 47.15","hierarchy":{"title":"14","chapter":"I","subchapter":"C","part":"47","subpart":"A","section":"47.15"}}],"corrective_action":"(h) amended","error_corrected":"2010-10-13","error_occurred":"2010-10-01","fr_citation":"75 FR 41980","position":3,"display_in_toc":false,"title":14,"year":2010,"last_modified":"2021-12-22"},{"id":833,"cfr_references":[{"cfr_reference":"14 CFR 47.31","hierarchy":{"title":"14","chapter":"I","subchapter":"C","part":"47","subpart":"B","section":"47.31"}}],"corrective_action":"(a) amended","error_corrected":"2010-10-13","error_occurred":"2010-10-01","fr_citation":"75 FR 41979","position":4,"display_in_toc":false,"title":14,"year":2010,"last_modified":"2021-12-22"},{"id":1139,"cfr_references":[{"cfr_reference":"14 CFR 45.11","hierarchy":{"title":"14","chapter":"I","subchapter":"C","part":"45","subpart":"B","section":"45.11"}}],"corrective_action":"(g)(1)(ii), (3) amended","error_corrected":"2012-07-27","error_occurred":"2011-04-11","fr_citation":"76 FR 7486","position":1,"display_in_toc":false,"title":14,"year":2012,"last_modified":"2021-12-22"},{"id":1270,"cfr_references":[{"cfr_reference":"14 CFR Part 16","hierarchy":{"title":"14","chapter":"I","subchapter":"B","part":"16"}}],"corrective_action":"Subpart I redesignated","error_corrected":"2013-11-19","error_occurred":"2013-11-12","fr_citation":"78 FR 56148","position":1,"display_in_toc":false,"title":14,"year":2013,"last_modified":"2021-12-22"},{"id":1506,"cfr_references":[{"cfr_reference":"14 CFR Part 121","hierarchy":{"title":"14","chapter":"I","subchapter":"G","part":"121"}}],"corrective_action":"Appendix E, table amended","error_corrected":"2014-03-17","error_occurred":"2014-03-12","fr_citation":"78 FR 67841","position":1,"display_in_toc":false,"title":14,"year":2014,"last_modified":"2021-12-22"},{"id":1507,"cfr_references":[{"cfr_reference":"14 CFR Part 121","hierarchy":{"title":"14","chapter":"I","subchapter":"G","part":"121"}}],"corrective_action":"Appendix F, table amended","error_corrected":"2014-03-14","error_occurred":"2014-03-12","fr_citation":"78 FR 67844","position":2,"display_in_toc":false,"title":14,"year":2014,"last_modified":"2021-12-22"},{"id":1671,"cfr_references":[{"cfr_reference":"14 CFR Part 97","hierarchy":{"title":"14","chapter":"I","subchapter":"F","part":"97"}}],"corrective_action":"Authority citation reinstated","error_corrected":"2015-12-14","error_occurred":"2015-12-11","fr_citation":"80 FR 69578","position":1,"display_in_toc":false,"title":14,"year":2015,"last_modified":"2021-12-22"},{"id":1672,"cfr_references":[{"cfr_reference":"14 CFR 120.105","hierarchy":{"title":"14","chapter":"I","subchapter":"G","part":"120","subpart":"E","section":"120.105"}}],"corrective_action":"(i) added","error_corrected":"2015-06-01","error_occurred":"2014-04-22","fr_citation":"79 FR 9973","position":2,"display_in_toc":false,"title":14,"year":2015,"last_modified":"2021-12-22"},{"id":1673,"cfr_references":[{"cfr_reference":"14 CFR 120.215","hierarchy":{"title":"14","chapter":"I","subchapter":"G","part":"120","subpart":"F","section":"120.215"}}],"corrective_action":"(a)(9) added","error_corrected":"2015-06-01","error_occurred":"2014-04-22","fr_citation":"79 FR 9973","position":3,"display_in_toc":false,"title":14,"year":2015,"last_modified":"2021-12-22"},{"id":1674,"cfr_references":[{"cfr_reference":"14 CFR 1204.504","hierarchy":{"title":"14","chapter":"V","part":"1204","subpart":"5","section":"1204.504"}}],"corrective_action":"(d)(1), (d)2), (e)(1), (h) amended","error_corrected":"2015-02-12","error_occurred":"2014-02-28","fr_citation":"79 FR 11319","position":4,"display_in_toc":false,"title":14,"year":2015,"last_modified":"2021-12-22"},{"id":1855,"cfr_references":[{"cfr_reference":"14 CFR 11.201","hierarchy":{"title":"14","chapter":"I","subchapter":"B","part":"11","subpart":"B","section":"11.201"}}],"corrective_action":"(b) table amended","error_corrected":"2016-07-18","error_occurred":"2016-06-23","fr_citation":"81 FR 33117","position":1,"display_in_toc":false,"title":14,"year":2016,"last_modified":"2021-12-22"},{"id":1856,"cfr_references":[{"cfr_reference":"14 CFR Part 60","hierarchy":{"title":"14","chapter":"I","subchapter":"D","part":"60"}}],"corrective_action":"Attachment 2 reinstated","error_corrected":"2016-07-22","error_occurred":"2016-05-31","fr_citation":"81 FR 32154","position":2,"display_in_toc":false,"title":14,"year":2016,"last_modified":"2021-12-22"},{"id":2015,"cfr_references":[{"cfr_reference":"14 CFR 1274.211","hierarchy":{"title":"14","chapter":"V","part":"1274","subpart":"1274.2","section":"1274.211"}}],"corrective_action":"(c) amended","error_corrected":"2017-02-03","error_occurred":"2016-07-05","fr_citation":"81 FR 35584","position":1,"display_in_toc":false,"title":14,"year":2017,"last_modified":"2021-12-22"},{"id":2263,"cfr_references":[{"cfr_reference":"14 CFR Part 27","hierarchy":{"title":"14","chapter":"I","subchapter":"C","part":"27"}}],"corrective_action":"Authority citation revised","error_corrected":"2018-02-22","error_occurred":"2017-03-21","fr_citation":"81 FR 90170","position":1,"display_in_toc":false,"title":14,"year":2018,"last_modified":"2021-12-22"},{"id":2264,"cfr_references":[{"cfr_reference":"14 CFR 61.129","hierarchy":{"title":"14","chapter":"I","subchapter":"D","part":"61","subpart":"F","section":"61.129"}}],"corrective_action":"(a)(3)(ii) revised","error_corrected":"2018-08-31","error_occurred":"2018-08-27","fr_citation":"83 FR 30278","position":2,"display_in_toc":false,"title":14,"year":2018,"last_modified":"2021-12-22"},{"id":2265,"cfr_references":[{"cfr_reference":"14 CFR 91.175","hierarchy":{"title":"14","chapter":"I","subchapter":"F","part":"91","subpart":"B","subject_group":"ECFRef6e8c57f580cfd","section":"91.175"}}],"corrective_action":"(e)(2) reinstated","error_corrected":"2018-04-27","error_occurred":"2018-03-12","fr_citation":"83 FR 10568","position":3,"display_in_toc":false,"title":14,"year":2018,"last_modified":"2021-12-22"},{"id":2591,"cfr_references":[{"cfr_reference":"14 CFR Part 107","hierarchy":{"title":"14","chapter":"I","subchapter":"F","part":"107"}}],"corrective_action":"SFAR No. 118 removed; SFAR 118-1 added","error_corrected":"2020-09-24","error_occurred":"2020-06-29","fr_citation":"85 FR 38783","position":1,"display_in_toc":false,"title":14,"year":2020,"last_modified":"2021-12-22"},{"id":3544,"cfr_references":[{"cfr_reference":"14 CFR 107.110","hierarchy":{"title":"14","chapter":"I","subchapter":"F","part":"107","subpart":"D","section":"107.110"}}],"corrective_action":"(b) and (c) redesignated as (a)(2) and (b)","error_corrected":"2021-11-17","error_occurred":"2021-11-10","fr_citation":"86 FR 62473","position":1,"display_in_toc":false,"title":14,"year":2021,"last_modified":"2021-12-22"},{"id":3545,"cfr_references":[{"cfr_reference":"14 CFR 382.7","hierarchy":{"title":"14","chapter":"II","subchapter":"D","part":"382","subpart":"A","section":"382.7"}}],"corrective_action":"(c) correctly revised","error_corrected":"2021-07-27","error_occurred":"2021-01-11","fr_citation":"85 FR 79774","position":2,"display_in_toc":false,"title":14,"year":2021,"last_modified":"2021-12-22"},{"id":3800,"cfr_references":[{"cfr_reference":"14 CFR Part 13","hierarchy":{"title":"14","chapter":"I","subchapter":"B","part":"13"}}],"corrective_action":"Subpart E heading revised","error_corrected":"2022-10-17","error_occurred":"2022-01-01","fr_citation":"86 FR 54536","position":1,"display_in_toc":false,"title":14,"year":2022,"last_modified":"2022-10-18"},{"id":3810,"cfr_references":[{"cfr_reference":"14 CFR 60, Appendix B","hierarchy":{"title":"14","part":"60","appendix":"60, Appendix B"}}],"corrective_action":"    Figure B4H removed                    \r\n","error_corrected":"2022-12-12","error_occurred":"2022-12-09","fr_citation":"87 FR 75771","position":2,"display_in_toc":false,"title":14,"year":2022,"last_modified":"2022-12-13"},{"id":3809,"cfr_references":[{"cfr_reference":"14 CFR 60, Appendix C","hierarchy":{"title":"14","part":"60","appendix":"60, Appendix C"}}],"corrective_action":"Corrected","error_corrected":"2022-12-12","error_occurred":"2022-12-09","fr_citation":"87 FR 75882","position":3,"display_in_toc":false,"title":14,"year":2022,"last_modified":"2022-12-13"},{"id":3746,"cfr_references":[{"cfr_reference":"14 CFR 71.15","hierarchy":{"title":"14","chapter":"I","subchapter":"E","part":"71","section":"71.15"}}],"corrective_action":"Corrected\r\n\r\n\r\n\r\n","error_corrected":"2022-06-02","error_occurred":"2021-09-15","fr_citation":"86 FR 46963","position":4,"display_in_toc":false,"title":14,"year":2022,"last_modified":"2022-12-13"},{"id":3747,"cfr_references":[{"cfr_reference":"14 CFR 71.31","hierarchy":{"title":"14","chapter":"I","subchapter":"E","part":"71","subpart":"A","section":"71.31"}}],"corrective_action":"Corrected","error_corrected":"2022-06-02","error_occurred":"2021-09-15","fr_citation":"86 FR 46963","position":5,"display_in_toc":false,"title":14,"year":2022,"last_modified":"2022-12-13"},{"id":3748,"cfr_references":[{"cfr_reference":"14 CFR 71.33","hierarchy":{"title":"14","chapter":"I","subchapter":"E","part":"71","subpart":"A","section":"71.33"}}],"corrective_action":"(c) corrected","error_corrected":"2022-06-02","error_occurred":"2021-09-15","fr_citation":"86 FR 46963","position":6,"display_in_toc":false,"title":14,"year":2022,"last_modified":"2022-12-13"},{"id":3749,"cfr_references":[{"cfr_reference":"14 CFR 71.41","hierarchy":{"title":"14","chapter":"I","subchapter":"E","part":"71","subpart":"B","section":"71.41"}}],"corrective_action":"Corrected","error_corrected":"2022-06-02","error_occurred":"2021-09-15","fr_citation":"86 FR 46963","position":7,"display_in_toc":false,"title":14,"year":2022,"last_modified":"2022-12-13"},{"id":3750,"cfr_references":[{"cfr_reference":"14 CFR 71.51","hierarchy":{"title":"14","chapter":"I","subchapter":"E","part":"71","subpart":"C","section":"71.51"}}],"corrective_action":"Corrected","error_corrected":"2022-06-02","error_occurred":"2021-09-15","fr_citation":"86 FR 46963","position":8,"display_in_toc":false,"title":14,"year":2022,"last_modified":"2022-12-13"},{"id":3751,"cfr_references":[{"cfr_reference":"14 CFR 71.61","hierarchy":{"title":"14","chapter":"I","subchapter":"E","part":"71","subpart":"D","section":"71.61"}}],"corrective_action":"Corrected","error_corrected":"2022-06-02","error_occurred":"2021-09-15","fr_citation":"86 FR 46963","position":9,"display_in_toc":false,"title":14,"year":2022,"last_modified":"2022-12-13"},{"id":3752,"cfr_references":[{"cfr_reference":"14 CFR 71.71","hierarchy":{"title":"14","chapter":"I","subchapter":"E","part":"71","subpart":"E","section":"71.71"}}],"corrective_action":"(b) through (f) corrected","error_corrected":"2022-06-02","error_occurred":"2021-09-15","fr_citation":"86 FR 46963","position":10,"display_in_toc":false,"title":14,"year":2022,"last_modified":"2022-12-13"},{"id":3753,"cfr_references":[{"cfr_reference":"14 CFR 71.901","hierarchy":{"title":"14","chapter":"I","subchapter":"E","part":"71","subpart":"H","section":"71.901"}}],"corrective_action":"(a) corrected","error_corrected":"2022-06-02","error_occurred":"2021-09-15","fr_citation":"86 FR 46963","position":11,"display_in_toc":false,"title":14,"year":2022,"last_modified":"2022-12-13"},{"id":3811,"cfr_references":[{"cfr_reference":"14 CFR 107.9","hierarchy":{"title":"14","chapter":"I","subchapter":"F","part":"107","subpart":"A","section":"107.9"}}],"corrective_action":"Section heading revised","error_corrected":"2022-12-12","error_occurred":"2022-12-09","fr_citation":"87 FR 75846","position":12,"display_in_toc":false,"title":14,"year":2022,"last_modified":"2022-12-13"},{"id":3774,"cfr_references":[{"cfr_reference":"14 CFR 111.15","hierarchy":{"title":"14","chapter":"I","subchapter":"G","part":"111","subpart":"A","section":"111.15"}}],"corrective_action":"\r\n (a) removed; (b) through (f) redesignated as (a) through (e) \r\n\r\n\r\n\r\n\r\n\r\nCorrected, Current as of: August 12, 2022\r\n\r\n\r\n\r\n","error_corrected":"2022-08-12","error_occurred":"2021-10-08","fr_citation":"86 FR 31067","position":13,"display_in_toc":false,"title":14,"year":2022,"last_modified":"2022-12-13"},{"id":3775,"cfr_references":[{"cfr_reference":"14 CFR 111.100","hierarchy":{"title":"14","chapter":"I","subchapter":"G","part":"111","subpart":"B","section":"111.100"}}],"corrective_action":"\r\n (b) removed, (c) redesignated as (b)\r\n","error_corrected":"2022-08-12","error_occurred":"2022-06-10","fr_citation":"86 FR 31067","position":14,"display_in_toc":false,"title":14,"year":2022,"last_modified":"2022-12-13"},{"id":3776,"cfr_references":[{"cfr_reference":"14 CFR 111.200","hierarchy":{"title":"14","chapter":"I","subchapter":"G","part":"111","subpart":"C","section":"111.200"}}],"corrective_action":" (b) removed, (c) redesignated as (b) ","error_corrected":"2022-08-12","error_occurred":"2022-06-10","fr_citation":"86 FR 31067","position":15,"display_in_toc":false,"title":14,"year":2022,"last_modified":"2022-12-13"},{"id":3793,"cfr_references":[{"cfr_reference":"14 CFR Part 147","hierarchy":{"title":"14","chapter":"I","subchapter":"H","part":"147"}}],"corrective_action":"Revised","error_corrected":"2022-09-27","error_occurred":"2022-09-21","fr_citation":"87 FR 31415","position":16,"display_in_toc":false,"title":14,"year":2022,"last_modified":"2022-12-13"},{"id":3913,"cfr_references":[{"cfr_reference":"14 CFR 60.29","hierarchy":{"title":"14","chapter":"I","subchapter":"D","part":"60","section":"60.29"}}],"corrective_action":"(a) corrected","error_corrected":"2023-05-25","error_occurred":"2022-12-09","fr_citation":"87 FR 75710","position":1,"display_in_toc":false,"title":14,"year":2023,"last_modified":"2023-05-26"},{"id":3862,"cfr_references":[{"cfr_reference":"14 CFR Appendix A to Part 60","hierarchy":{"title":"14","chapter":"I","subchapter":"D","part":"60","appendix":"Appendix A to Part 60"}}],"corrective_action":"Corrected","error_corrected":"2023-01-26","error_occurred":"2022-12-09","fr_citation":"87 FR 75712","position":2,"display_in_toc":false,"title":14,"year":2023,"last_modified":"2023-05-26"},{"id":3916,"cfr_references":[{"cfr_reference":"14 CFR Appendix A to Part 60","hierarchy":{"title":"14","chapter":"I","subchapter":"D","part":"60","appendix":"Appendix A to Part 60"}}],"corrective_action":"Corrected","error_corrected":"2023-05-25","error_occurred":"2022-12-09","fr_citation":"87 FR 75711","position":3,"display_in_toc":false,"title":14,"year":2023,"last_modified":"2023-05-26"},{"id":3863,"cfr_references":[{"cfr_reference":"14 CFR Appendix B to Part 60","hierarchy":{"title":"14","chapter":"I","subchapter":"D","part":"60","appendix":"Appendix B to Part 60"}}],"corrective_action":"Corrected","error_corrected":"2023-01-26","error_occurred":"2022-12-09","fr_citation":"87 FR 75771","position":4,"display_in_toc":false,"title":14,"year":2023,"last_modified":"2023-05-26"},{"id":3917,"cfr_references":[{"cfr_reference":"14 CFR Appendix B to Part 60","hierarchy":{"title":"14","chapter":"I","subchapter":"D","part":"60","appendix":"Appendix B to Part 60"}}],"corrective_action":"Corrected","error_corrected":"2023-05-25","error_occurred":"2022-12-09","fr_citation":"87 FR 75771","position":5,"display_in_toc":false,"title":14,"year":2023,"last_modified":"2023-05-26"},{"id":3864,"cfr_references":[{"cfr_reference":"14 CFR Appendix C to Part 60","hierarchy":{"title":"14","chapter":"I","subchapter":"D","part":"60","appendix":"Appendix C to Part 60"}}],"corrective_action":"Corrected","error_corrected":"2023-01-26","error_occurred":"2022-12-09","fr_citation":"87 FR 75822","position":6,"display_in_toc":false,"title":14,"year":2023,"last_modified":"2023-05-26"},{"id":3918,"cfr_references":[{"cfr_reference":"14 CFR Appendix C to Part 60","hierarchy":{"title":"14","chapter":"I","subchapter":"D","part":"60","appendix":"Appendix C to Part 60"}}],"corrective_action":"Corrected","error_corrected":"2023-05-25","error_occurred":"2022-12-09","fr_citation":"87 FR 75822","position":7,"display_in_toc":false,"title":14,"year":2023,"last_modified":"2023-05-26"},{"id":3865,"cfr_references":[{"cfr_reference":"14 CFR Appendix D to Part 60","hierarchy":{"title":"14","chapter":"I","subchapter":"D","part":"60","appendix":"Appendix D to Part 60"}}],"corrective_action":"Corrected","error_corrected":"2023-01-26","error_occurred":"2022-12-09","fr_citation":"87 FR 75832","position":8,"display_in_toc":false,"title":14,"year":2023,"last_modified":"2023-05-26"},{"id":3919,"cfr_references":[{"cfr_reference":"14 CFR Appendix D to Part 60","hierarchy":{"title":"14","chapter":"I","subchapter":"D","part":"60","appendix":"Appendix D to Part 60"}}],"corrective_action":"Corrected","error_corrected":"2023-05-25","error_occurred":"2022-12-09","fr_citation":"87 FR 75832","position":9,"display_in_toc":false,"title":14,"year":2023,"last_modified":"2023-05-26"},{"id":3920,"cfr_references":[{"cfr_reference":"14 CFR Appendix E to Part 60","hierarchy":{"title":"14","chapter":"I","subchapter":"D","part":"60","appendix":"Appendix E to Part 60"}}],"corrective_action":"Corrected","error_corrected":"2023-05-25","error_occurred":"2022-12-09","fr_citation":"87 FR 75842","position":10,"display_in_toc":false,"title":14,"year":2023,"last_modified":"2023-05-26"},{"id":3921,"cfr_references":[{"cfr_reference":"14 CFR Appendix F to Part 60","hierarchy":{"title":"14","chapter":"I","subchapter":"D","part":"60","appendix":"Appendix F to Part 60"}}],"corrective_action":"Corrected","error_corrected":"2023-05-25","error_occurred":"2022-12-09","fr_citation":"87 FR 75845","position":11,"display_in_toc":false,"title":14,"year":2023,"last_modified":"2023-05-26"},{"id":3856,"cfr_references":[{"cfr_reference":"14 CFR 71.15","hierarchy":{"title":"14","chapter":"I","subchapter":"E","part":"71","section":"71.15"}}],"corrective_action":"Corrected      ","error_corrected":"2023-01-09","error_occurred":"2022-09-15","fr_citation":"87 FR 54878","position":12,"display_in_toc":false,"title":14,"year":2023,"last_modified":"2023-05-26"},{"id":3922,"cfr_references":[{"cfr_reference":"14 CFR 91.1613","hierarchy":{"title":"14","chapter":"I","subchapter":"F","part":"91","subpart":"M","section":"91.1613"}}],"corrective_action":"Corrected","error_corrected":"2023-05-25","error_occurred":"2022-12-27","fr_citation":"87 FR 79245","position":13,"display_in_toc":false,"title":14,"year":2023,"last_modified":"2023-05-26"},{"id":4245,"cfr_references":[{"cfr_reference":"14 CFR 91.319","hierarchy":{"title":"14","chapter":"I","subchapter":"F","part":"91","subpart":"D","section":"91.319"}}],"corrective_action":"Correctly revised (a)(2) and reinstated (b)(2)","error_corrected":"2024-12-12","error_occurred":"2024-12-02","fr_citation":"89 FR 80340","position":1,"display_in_toc":false,"title":14,"year":2024,"last_modified":"2024-12-11"},{"id":4188,"cfr_references":[{"cfr_reference":"14 CFR 121.419","hierarchy":{"title":"14","chapter":"I","subchapter":"G","part":"121","subpart":"N","section":"121.419"}}],"corrective_action":"(f) correctly revised","error_corrected":"2024-07-22","error_occurred":"2024-07-18","fr_citation":"89 FR 51427","position":2,"display_in_toc":false,"title":14,"year":2024,"last_modified":"2024-12-11"}]}