{"ecfr_corrections":[{"id":46,"cfr_references":[{"cfr_reference":"45 CFR 46.103","hierarchy":{"title":"45","subtitle":"A","subchapter":"A","part":"46","subpart":"A","section":"46.103"}}],"corrective_action":"(a) amended","error_corrected":"2005-06-27","error_occurred":"2005-06-23","fr_citation":"70 FR 36328","position":1,"display_in_toc":false,"title":45,"year":2005,"last_modified":"2021-12-22"},{"id":47,"cfr_references":[{"cfr_reference":"45 CFR Part 146","hierarchy":{"title":"45","subtitle":"A","subchapter":"B","part":"146"}}],"corrective_action":"Authority citation revised","error_corrected":"2005-08-22","error_occurred":"2005-07-22","fr_citation":"70 FR 42278","position":2,"display_in_toc":false,"title":45,"year":2005,"last_modified":"2021-12-22"},{"id":48,"cfr_references":[{"cfr_reference":"45 CFR 146.136","hierarchy":{"title":"45","subtitle":"A","subchapter":"B","part":"146","subpart":"C","section":"146.136"}}],"corrective_action":"(a)(1) and (g)(2) amended; (i) revised","error_corrected":"2005-08-22","error_occurred":"2005-07-22","fr_citation":"70 FR 42278","position":3,"display_in_toc":false,"title":45,"year":2005,"last_modified":"2021-12-22"},{"id":742,"cfr_references":[{"cfr_reference":"45 CFR 146.130","hierarchy":{"title":"45","subtitle":"A","subchapter":"B","part":"146","subpart":"C","section":"146.130"}}],"corrective_action":"(e) amended; (f) added","error_corrected":"2009-12-28","error_occurred":"2008-10-20","fr_citation":"73 FR 62424","position":1,"display_in_toc":false,"title":45,"year":2009,"last_modified":"2021-12-22"},{"id":743,"cfr_references":[{"cfr_reference":"45 CFR 164.304","hierarchy":{"title":"45","subtitle":"A","subchapter":"C","part":"164","subpart":"C","section":"164.304"}}],"corrective_action":"Amended","error_corrected":"2009-12-28","error_occurred":"2009-08-24","fr_citation":"74 FR 42767","position":2,"display_in_toc":false,"title":45,"year":2009,"last_modified":"2021-12-22"},{"id":744,"cfr_references":[{"cfr_reference":"45 CFR 164.530","hierarchy":{"title":"45","subtitle":"A","subchapter":"C","part":"164","subpart":"E","section":"164.530"}}],"corrective_action":"(e)(1) and (i)(1) amended","error_corrected":"2009-12-28","error_occurred":"2009-08-24","fr_citation":"74 FR 42769","position":3,"display_in_toc":false,"title":45,"year":2009,"last_modified":"2021-12-22"},{"id":1049,"cfr_references":[{"cfr_reference":"45 CFR 2522.910","hierarchy":{"title":"45","subtitle":"B","chapter":"XXV","part":"2522","subpart":"F","section":"2522.910"}}],"corrective_action":"(b)(1) revised","error_corrected":"2011-03-29","error_occurred":"2010-07-01","fr_citation":"74 FR 46506","position":1,"display_in_toc":false,"title":45,"year":2011,"last_modified":"2021-12-22"},{"id":1050,"cfr_references":[{"cfr_reference":"45 CFR 158.140","hierarchy":{"title":"45","subtitle":"A","subchapter":"B","part":"158","subpart":"A","section":"158.140"}}],"corrective_action":"(b)(2) amended","error_corrected":"2011-07-12","error_occurred":"2011-01-01","fr_citation":"75 FR 82279","position":2,"display_in_toc":false,"title":45,"year":2011,"last_modified":"2021-12-22"},{"id":1211,"cfr_references":[{"cfr_reference":"45 CFR 156.510","hierarchy":{"title":"45","subtitle":"A","subchapter":"B","part":"156","subpart":"F","section":"156.510"}}],"corrective_action":"(b)(1)(i) reinstated","error_corrected":"2012-07-30","error_occurred":"2012-02-13","fr_citation":"76 FR 77412","position":1,"display_in_toc":false,"title":45,"year":2012,"last_modified":"2021-12-22"},{"id":1212,"cfr_references":[{"cfr_reference":"45 CFR 158.242","hierarchy":{"title":"45","subtitle":"A","subchapter":"B","part":"158","subpart":"B","section":"158.242"}}],"corrective_action":"(b)(4) added","error_corrected":"2012-01-19","error_occurred":"2012-01-03","fr_citation":"76 FR 76593","position":2,"display_in_toc":false,"title":45,"year":2012,"last_modified":"2021-12-22"},{"id":1213,"cfr_references":[{"cfr_reference":"45 CFR 1355.38","hierarchy":{"title":"45","subtitle":"B","chapter":"XIII","subchapter":"G","part":"1355","section":"1355.38"}}],"corrective_action":"(h)(2) through (4) revised","error_corrected":"2012-11-26","error_occurred":"2012-02-06","fr_citation":"77 FR 931","position":3,"display_in_toc":false,"title":45,"year":2012,"last_modified":"2021-12-22"},{"id":1214,"cfr_references":[{"cfr_reference":"45 CFR Part 1355","hierarchy":{"title":"45","subtitle":"B","chapter":"XIII","subchapter":"G","part":"1355"}}],"corrective_action":"Revised","error_corrected":"2012-07-16","error_occurred":"2012-02-06","fr_citation":"77 FR 934","position":4,"display_in_toc":false,"title":45,"year":2012,"last_modified":"2021-12-22"},{"id":1215,"cfr_references":[{"cfr_reference":"45 CFR 1356.71","hierarchy":{"title":"45","subtitle":"B","chapter":"XIII","subchapter":"G","part":"1356","section":"1356.71"}}],"corrective_action":"(b) heading reinstated","error_corrected":"2012-11-29","error_occurred":"2012-02-06","fr_citation":"77 FR 951","position":5,"display_in_toc":false,"title":45,"year":2012,"last_modified":"2021-12-22"},{"id":1377,"cfr_references":[{"cfr_reference":"45 CFR 144.101","hierarchy":{"title":"45","subtitle":"A","subchapter":"B","part":"144","subpart":"A","section":"144.101"}}],"corrective_action":"(d)(1) and (2) revised","error_corrected":"2013-09-25","error_occurred":"2013-04-29","fr_citation":"78 FR 13435","position":1,"display_in_toc":false,"title":45,"year":2013,"last_modified":"2021-12-22"},{"id":1378,"cfr_references":[{"cfr_reference":"45 CFR 162.504","hierarchy":{"title":"45","section":"162.504"}}],"corrective_action":"(a), (b)(1) and (2) amended","error_corrected":"2013-01-24","error_occurred":"2012-11-05","fr_citation":"77 FR 60630","position":2,"display_in_toc":false,"title":45,"year":2013,"last_modified":"2021-12-22"},{"id":1379,"cfr_references":[{"cfr_reference":"45 CFR 164.314","hierarchy":{"title":"45","subtitle":"A","subchapter":"C","part":"164","subpart":"C","section":"164.314"}}],"corrective_action":"(a)(10) amended","error_corrected":"2013-10-01","error_occurred":"2013-07-01","fr_citation":"78 FR 34266","position":3,"display_in_toc":false,"title":45,"year":2013,"last_modified":"2021-12-22"},{"id":1380,"cfr_references":[{"cfr_reference":"45 CFR 164.316","hierarchy":{"title":"45","subtitle":"A","subchapter":"C","part":"164","subpart":"C","section":"164.316"}}],"corrective_action":"Introductory text revised","error_corrected":"2013-09-10","error_occurred":"2013-03-26","fr_citation":"78 FR 5695","position":4,"display_in_toc":false,"title":45,"year":2013,"last_modified":"2021-12-22"},{"id":1381,"cfr_references":[{"cfr_reference":"45 CFR 164.512","hierarchy":{"title":"45","subtitle":"A","subchapter":"C","part":"164","subpart":"E","section":"164.512"}}],"corrective_action":"(e)(1)(iv) amended","error_corrected":"2013-07-29","error_occurred":"2013-03-26","fr_citation":"78 FR 5699","position":5,"display_in_toc":false,"title":45,"year":2013,"last_modified":"2021-12-22"},{"id":1572,"cfr_references":[{"cfr_reference":"45 CFR 146.101","hierarchy":{"title":"45","subtitle":"A","subchapter":"B","part":"146","subpart":"A","section":"146.101"}}],"corrective_action":"(a)(2) and (3) removed","error_corrected":"2014-11-04","error_occurred":"2014-04-25","fr_citation":"79 FR 10313","position":1,"display_in_toc":false,"title":45,"year":2014,"last_modified":"2021-12-22"},{"id":1573,"cfr_references":[{"cfr_reference":"45 CFR Part 147","hierarchy":{"title":"45","subtitle":"A","subchapter":"B","part":"147"}}],"corrective_action":"(b)(1)(ii) amended","error_corrected":"2014-09-11","error_occurred":"2013-12-17","fr_citation":"78 FR 76217","position":2,"display_in_toc":false,"title":45,"year":2014,"last_modified":"2021-12-22"},{"id":1574,"cfr_references":[{"cfr_reference":"45 CFR 158.231","hierarchy":{"title":"45","subtitle":"A","subchapter":"B","part":"158","subpart":"B","section":"158.231"}}],"corrective_action":"(a) revised","error_corrected":"2014-11-04","error_occurred":"2014-07-28","fr_citation":"79 FR 30353","position":3,"display_in_toc":false,"title":45,"year":2014,"last_modified":"2021-12-22"},{"id":1575,"cfr_references":[{"cfr_reference":"45 CFR 164.524","hierarchy":{"title":"45","subtitle":"A","subchapter":"C","part":"164","subpart":"E","section":"164.524"}}],"corrective_action":"(a)(1)(i),(ii) revised, (a)(1)(iii) removed","error_corrected":"2014-02-07","error_occurred":"2014-02-06","fr_citation":"79 FR 7316","position":4,"display_in_toc":false,"title":45,"year":2014,"last_modified":"2021-12-22"},{"id":1576,"cfr_references":[{"cfr_reference":"45 CFR 170.102","hierarchy":{"title":"45","subtitle":"A","subchapter":"D","part":"170","subpart":"A","section":"170.102"}}],"corrective_action":"Amended","error_corrected":"2014-11-04","error_occurred":"2014-10-01","fr_citation":"79 FR 52933","position":5,"display_in_toc":false,"title":45,"year":2014,"last_modified":"2021-12-22"},{"id":2221,"cfr_references":[{"cfr_reference":"45 CFR 155.420","hierarchy":{"title":"45","subtitle":"A","subchapter":"B","part":"155","subpart":"E","section":"155.420"}}],"corrective_action":"(d)(2)(i)(A) and (B) correctly added","error_corrected":"2017-07-27","error_occurred":"2017-06-19","fr_citation":"82 FR 18381","position":1,"display_in_toc":false,"title":45,"year":2017,"last_modified":"2021-12-22"},{"id":2313,"cfr_references":[{"cfr_reference":"45 CFR 1355.40","hierarchy":{"title":"45","subtitle":"B","chapter":"XIII","subchapter":"G","part":"1355","section":"1355.40"}}],"corrective_action":"(a) revised","error_corrected":"2018-08-22","error_occurred":"2018-08-21","fr_citation":"83 FR 42227","position":1,"display_in_toc":false,"title":45,"year":2018,"last_modified":"2021-12-22"},{"id":2655,"cfr_references":[{"cfr_reference":"45 CFR 302.33","hierarchy":{"title":"45","subtitle":"B","chapter":"III","part":"302","section":"302.33"}}],"corrective_action":"(e)(5) amended","error_corrected":"2020-08-24","error_occurred":"2020-07-09","fr_citation":"85 FR 35207","position":1,"display_in_toc":false,"title":45,"year":2020,"last_modified":"2021-12-22"},{"id":3642,"cfr_references":[{"cfr_reference":"45 CFR 1324.15","hierarchy":{"title":"45","subtitle":"B","chapter":"XIII","subchapter":"C","part":"1324","subpart":"A","section":"1324.15"}}],"corrective_action":"(k)(1) corrected","error_corrected":"2021-01-08","error_occurred":"2020-12-16","fr_citation":"85 FR 72911","position":1,"display_in_toc":false,"title":45,"year":2021,"last_modified":"2021-12-22"},{"id":3798,"cfr_references":[{"cfr_reference":"45 CFR 2507.14","hierarchy":{"title":"45","subtitle":"B","chapter":"XXV","part":"2507","subpart":"F","section":"2507.14"}}],"corrective_action":"Second paragraph (f) is redesignated as paragraph (g)","error_corrected":"2022-10-12","error_occurred":"2022-10-11","fr_citation":"87 FR 57643","position":1,"display_in_toc":false,"title":45,"year":2022,"last_modified":"2022-10-13"},{"id":4224,"cfr_references":[{"cfr_reference":"45 CFR 410.1000","hierarchy":{"title":"45","subtitle":"B","chapter":"IV","part":"410","subpart":"A","section":"410.1000"}}],"corrective_action":"(a) corrected","error_corrected":"2024-10-29","error_occurred":"2024-07-01","fr_citation":"89 FR 53361","position":1,"display_in_toc":false,"title":45,"year":2024,"last_modified":"2024-10-30"},{"id":4225,"cfr_references":[{"cfr_reference":"45 CFR 410.1001","hierarchy":{"title":"45","subtitle":"B","chapter":"IV","part":"410","subpart":"A","section":"410.1001"}}],"corrective_action":"Definition of \"Medical restraint\" corrected","error_corrected":"2024-10-29","error_occurred":"2024-07-01","fr_citation":"89 FR 53361","position":2,"display_in_toc":false,"title":45,"year":2024,"last_modified":"2024-10-30"},{"id":4226,"cfr_references":[{"cfr_reference":"45 CFR 410.1003","hierarchy":{"title":"45","subtitle":"B","chapter":"IV","part":"410","subpart":"A","section":"410.1003"}}],"corrective_action":"(e) corrected","error_corrected":"2024-10-29","error_occurred":"2024-07-01","fr_citation":"89 FR 53361","position":3,"display_in_toc":false,"title":45,"year":2024,"last_modified":"2024-10-30"},{"id":4227,"cfr_references":[{"cfr_reference":"45 CFR 410.1105","hierarchy":{"title":"45","subtitle":"B","chapter":"IV","part":"410","subpart":"B","section":"410.1105"}}],"corrective_action":"(b)(2)(iv) corrected","error_corrected":"2024-10-29","error_occurred":"2024-07-01","fr_citation":"89 FR 53361","position":4,"display_in_toc":false,"title":45,"year":2024,"last_modified":"2024-10-30"},{"id":4038,"cfr_references":[{"cfr_reference":"45 CFR Part 1158","hierarchy":{"title":"45","subtitle":"B","chapter":"XI","subchapter":"B","part":"1158"}}],"corrective_action":"Appendix A to Part 1158 corrected","error_corrected":"2024-01-26","error_occurred":"2024-01-19","fr_citation":"89 FR 3577","position":5,"display_in_toc":false,"title":45,"year":2024,"last_modified":"2024-10-30"},{"id":4228,"cfr_references":[{"cfr_reference":"45 CFR 410.1302","hierarchy":{"title":"45","subtitle":"B","chapter":"IV","part":"410","subpart":"D","section":"410.1302"}}],"corrective_action":"Second paragraph (c)(2)(iv) is redesignated as paragraph (c)(2)(ix)","error_corrected":"2024-10-29","error_occurred":"2024-07-01","fr_citation":"89 FR 53361","position":6,"display_in_toc":false,"title":45,"year":2024,"last_modified":"2024-10-30"},{"id":4235,"cfr_references":[{"cfr_reference":"45 CFR 2551.114","hierarchy":{"title":"45","subtitle":"B","chapter":"XXV","part":"2551","subpart":"K","section":"2551.114"}}],"corrective_action":"Heading amended","error_corrected":"2024-11-19","error_occurred":"2024-10-01","fr_citation":"89 FR 70542","position":7,"display_in_toc":false,"title":45,"year":2024,"last_modified":"2024-11-20"},{"id":4231,"cfr_references":[{"cfr_reference":"45 CFR 2551.122","hierarchy":{"title":"45","subtitle":"B","chapter":"XXV","part":"2551","subpart":"L","section":"2551.122"}}],"corrective_action":"Heading amended","error_corrected":"2024-11-01","error_occurred":"2024-10-01","fr_citation":"89 FR 70542","position":8,"display_in_toc":false,"title":45,"year":2024,"last_modified":"2024-11-20"},{"id":4230,"cfr_references":[{"cfr_reference":"45 CFR 2553.83","hierarchy":{"title":"45","subtitle":"B","chapter":"XXV","part":"2553","subpart":"H","section":"2553.83"}}],"corrective_action":"Heading amended","error_corrected":"2024-11-01","error_occurred":"2024-10-01","fr_citation":"89 FR 70545","position":9,"display_in_toc":false,"title":45,"year":2024,"last_modified":"2024-11-20"}]}