{"ecfr_corrections":[{"id":10,"cfr_references":[{"cfr_reference":"21 CFR 558.600","hierarchy":{"title":"21","chapter":"I","subchapter":"E","part":"558","subpart":"B","section":"558.600"}}],"corrective_action":"(e)(1) (i) through (iv) amended","error_corrected":"2005-12-20","error_occurred":"2005-12-19","fr_citation":"70 FR 75018","position":1,"display_in_toc":false,"title":21,"year":2005,"last_modified":"2021-12-22"},{"id":124,"cfr_references":[{"cfr_reference":"21 CFR 510.600","hierarchy":{"title":"21","chapter":"I","subchapter":"E","part":"510","subpart":"G","section":"510.600"}}],"corrective_action":"(c)(1) amended","error_corrected":"2006-01-13","error_occurred":"2004-10-13","fr_citation":"69 FR 60811","position":1,"display_in_toc":false,"title":21,"year":2006,"last_modified":"2021-12-22"},{"id":125,"cfr_references":[{"cfr_reference":"21 CFR 520.154b","hierarchy":{"title":"21","chapter":"I","subchapter":"E","part":"520","section":"520.154b"}}],"corrective_action":"Revised","error_corrected":"2006-04-11","error_occurred":"2006-04-07","fr_citation":"71 FR 17702","position":2,"display_in_toc":false,"title":21,"year":2006,"last_modified":"2021-12-22"},{"id":126,"cfr_references":[{"cfr_reference":"21 CFR 558.76","hierarchy":{"title":"21","chapter":"I","subchapter":"E","part":"558","subpart":"B","section":"558.76"}}],"corrective_action":"(a) and (b) revised; (d)(1) amended","error_corrected":"2006-06-22","error_occurred":"2004-10-26","fr_citation":"69 FR 62406","position":3,"display_in_toc":false,"title":21,"year":2006,"last_modified":"2021-12-22"},{"id":127,"cfr_references":[{"cfr_reference":"21 CFR 880.5950","hierarchy":{"title":"21","chapter":"I","subchapter":"H","part":"880","subpart":"F","section":"880.5950"}}],"corrective_action":"(b) revised","error_corrected":"2006-09-12","error_occurred":"2001-07-25","fr_citation":"66 FR 38805","position":4,"display_in_toc":false,"title":21,"year":2006,"last_modified":"2021-12-22"},{"id":267,"cfr_references":[{"cfr_reference":"21 CFR 101.4","hierarchy":{"title":"21","chapter":"I","subchapter":"B","part":"101","subpart":"A","section":"101.4"}}],"corrective_action":"Amended","error_corrected":"2007-03-14","error_occurred":"2004-04-09","fr_citation":"69 FR 18803","position":1,"display_in_toc":false,"title":21,"year":2007,"last_modified":"2021-12-22"},{"id":268,"cfr_references":[{"cfr_reference":"21 CFR 210.2","hierarchy":{"title":"21","chapter":"I","subchapter":"C","part":"210","section":"210.2"}}],"corrective_action":"(c) removed","error_corrected":"2007-03-16","error_occurred":"2006-06-01","fr_citation":"71 FR 25747","position":2,"display_in_toc":false,"title":21,"year":2007,"last_modified":"2021-12-22"},{"id":269,"cfr_references":[{"cfr_reference":"21 CFR 520.812","hierarchy":{"title":"21","chapter":"I","subchapter":"E","part":"520","section":"520.812"}}],"corrective_action":"Reinstated","error_corrected":"2007-04-24","error_occurred":"2007-03-09","fr_citation":"72 FR10597","position":3,"display_in_toc":false,"title":21,"year":2007,"last_modified":"2021-12-22"},{"id":270,"cfr_references":[{"cfr_reference":"21 CFR 522.558","hierarchy":{"title":"21","chapter":"I","subchapter":"E","part":"522","section":"522.558"}}],"corrective_action":"(a) revised","error_corrected":"2007-08-24","error_occurred":"2007-04-20","fr_citation":"72 FR 19797","position":4,"display_in_toc":false,"title":21,"year":2007,"last_modified":"2021-12-22"},{"id":271,"cfr_references":[{"cfr_reference":"21 CFR 522.812","hierarchy":{"title":"21","chapter":"I","subchapter":"E","part":"522","section":"522.812"}}],"corrective_action":"Revised","error_corrected":"2007-03-12","error_occurred":"2007-03-09","fr_citation":"72 FR10597","position":5,"display_in_toc":false,"title":21,"year":2007,"last_modified":"2021-12-22"},{"id":272,"cfr_references":[{"cfr_reference":"21 CFR 700.27","hierarchy":{"title":"21","chapter":"I","subchapter":"G","part":"700","subpart":"B","section":"700.27"}}],"corrective_action":"(c) revised","error_corrected":"2007-08-15","error_occurred":"2007-01-09","fr_citation":"71 FR 59668","position":6,"display_in_toc":false,"title":21,"year":2007,"last_modified":"2021-12-22"},{"id":273,"cfr_references":[{"cfr_reference":"21 CFR 1306.12","hierarchy":{"title":"21","chapter":"II","part":"1306","subject_group":"ECFR8588b52940237ef","section":"1306.12"}}],"corrective_action":"Revised","error_corrected":"2007-12-31","error_occurred":"2007-12-19","fr_citation":"72 FR 64929","position":7,"display_in_toc":false,"title":21,"year":2007,"last_modified":"2021-12-22"},{"id":432,"cfr_references":[{"cfr_reference":"21 CFR 573.640","hierarchy":{"title":"21","chapter":"I","subchapter":"E","part":"573","subpart":"B","section":"573.640"}}],"corrective_action":"Amended","error_corrected":"2008-12-26","error_occurred":"2004-04-09","fr_citation":"69 FR 18803","position":1,"display_in_toc":false,"title":21,"year":2008,"last_modified":"2021-12-22"},{"id":433,"cfr_references":[{"cfr_reference":"21 CFR 1271.22","hierarchy":{"title":"21","chapter":"I","subchapter":"L","part":"1271","subpart":"B","section":"1271.22"}}],"corrective_action":"Revised","error_corrected":"2008-01-18","error_occurred":"2005-05-15","fr_citation":"69 FR 68681","position":2,"display_in_toc":false,"title":21,"year":2008,"last_modified":"2021-12-22"},{"id":646,"cfr_references":[{"cfr_reference":"21 CFR 2.125","hierarchy":{"title":"21","chapter":"I","subchapter":"A","part":"2","subpart":"G","section":"2.125"}}],"corrective_action":"(e)(2)(v) reinstated","error_corrected":"2009-08-11","error_occurred":"2009-04-01","fr_citation":"73 FR 69552","position":1,"display_in_toc":false,"title":21,"year":2009,"last_modified":"2021-12-22"},{"id":647,"cfr_references":[{"cfr_reference":"21 CFR 210.1","hierarchy":{"title":"21","chapter":"I","subchapter":"C","part":"210","section":"210.1"}}],"corrective_action":"Link added","error_corrected":"2009-12-11","error_occurred":"2009-12-10","fr_citation":"74 FR 65431","position":2,"display_in_toc":false,"title":21,"year":2009,"last_modified":"2021-12-22"},{"id":648,"cfr_references":[{"cfr_reference":"21 CFR 210.2","hierarchy":{"title":"21","chapter":"I","subchapter":"C","part":"210","section":"210.2"}}],"corrective_action":"Link added","error_corrected":"2009-12-11","error_occurred":"2009-12-10","fr_citation":"74 FR 65431","position":3,"display_in_toc":false,"title":21,"year":2009,"last_modified":"2021-12-22"},{"id":649,"cfr_references":[{"cfr_reference":"21 CFR 210.3","hierarchy":{"title":"21","chapter":"I","subchapter":"C","part":"210","section":"210.3"}}],"corrective_action":"Link added","error_corrected":"2009-12-11","error_occurred":"2009-12-10","fr_citation":"74 FR 65431","position":4,"display_in_toc":false,"title":21,"year":2009,"last_modified":"2021-12-22"},{"id":650,"cfr_references":[{"cfr_reference":"21 CFR 211.1","hierarchy":{"title":"21","chapter":"I","subchapter":"C","part":"211","subpart":"A","section":"211.1"}}],"corrective_action":"Link added","error_corrected":"2009-12-11","error_occurred":"2009-12-10","fr_citation":"74 FR 65431","position":5,"display_in_toc":false,"title":21,"year":2009,"last_modified":"2021-12-22"},{"id":651,"cfr_references":[{"cfr_reference":"21 CFR Part 212","hierarchy":{"title":"21","chapter":"I","subchapter":"C","part":"212"}}],"corrective_action":"Link added","error_corrected":"2009-12-11","error_occurred":"2009-12-10","fr_citation":"74 FR 65431","position":6,"display_in_toc":false,"title":21,"year":2009,"last_modified":"2021-12-22"},{"id":652,"cfr_references":[{"cfr_reference":"21 CFR 314.107","hierarchy":{"title":"21","chapter":"I","subchapter":"D","part":"314","subpart":"D","section":"314.107"}}],"corrective_action":"(b)(3)(v) amended","error_corrected":"2009-04-09","error_occurred":"2008-08-11","fr_citation":"73 FR 39609","position":7,"display_in_toc":false,"title":21,"year":2009,"last_modified":"2021-12-22"},{"id":653,"cfr_references":[{"cfr_reference":"21 CFR 510.600","hierarchy":{"title":"21","chapter":"I","subchapter":"E","part":"510","subpart":"G","section":"510.600"}}],"corrective_action":"(c)(1) and (2) tables amended","error_corrected":"2009-09-25","error_occurred":"2009-08-03","fr_citation":"74 FR 38342","position":8,"display_in_toc":false,"title":21,"year":2009,"last_modified":"2021-12-22"},{"id":654,"cfr_references":[{"cfr_reference":"21 CFR 522.1160","hierarchy":{"title":"21","chapter":"I","subchapter":"E","part":"522","section":"522.1160"}}],"corrective_action":"(a), (b) and (c)(2)(i) revised","error_corrected":"2009-12-16","error_occurred":"2009-12-14","fr_citation":"74 FR 66048","position":9,"display_in_toc":false,"title":21,"year":2009,"last_modified":"2021-12-22"},{"id":655,"cfr_references":[{"cfr_reference":"21 CFR 524.1580b","hierarchy":{"title":"21","chapter":"I","subchapter":"E","part":"524","subject_group":"ECFR69891ec6e22fe4b","section":"524.1580b"}}],"corrective_action":"(b)(3) added and (d)(3) revised","error_corrected":"2009-09-25","error_occurred":"2009-08-03","fr_citation":"74 FR 38342","position":10,"display_in_toc":false,"title":21,"year":2009,"last_modified":"2021-12-22"},{"id":656,"cfr_references":[{"cfr_reference":"21 CFR Part 528","hierarchy":{"title":"21","chapter":"I","subchapter":"E","part":"528"}}],"corrective_action":"Added","error_corrected":"2009-11-12","error_occurred":"2009-02-11","fr_citation":"74 FR 6823","position":11,"display_in_toc":false,"title":21,"year":2009,"last_modified":"2021-12-22"},{"id":657,"cfr_references":[{"cfr_reference":"21 CFR 530.41","hierarchy":{"title":"21","chapter":"I","subchapter":"E","part":"530","subpart":"E","section":"530.41"}}],"corrective_action":"(a)(13) removed","error_corrected":"2009-03-19","error_occurred":"2008-11-30","fr_citation":"73 FR 71923","position":12,"display_in_toc":false,"title":21,"year":2009,"last_modified":"2021-12-22"},{"id":658,"cfr_references":[{"cfr_reference":"21 CFR 558.258","hierarchy":{"title":"21","chapter":"I","subchapter":"E","part":"558","subpart":"B","section":"558.258"}}],"corrective_action":"(e)(1) table amended; (e)(3) revised","error_corrected":"2009-06-24","error_occurred":"2008-10-08","fr_citation":"73 FR 58873","position":13,"display_in_toc":false,"title":21,"year":2009,"last_modified":"2021-12-22"},{"id":659,"cfr_references":[{"cfr_reference":"21 CFR 558.274","hierarchy":{"title":"21","chapter":"I","subchapter":"E","part":"558","subpart":"B","section":"558.274"}}],"corrective_action":"(a)(2) amended","error_corrected":"2009-06-24","error_occurred":"2008-04-04","fr_citation":"73 FR 18442","position":14,"display_in_toc":false,"title":21,"year":2009,"last_modified":"2021-12-22"},{"id":660,"cfr_references":[{"cfr_reference":"21 CFR 801.420","hierarchy":{"title":"21","chapter":"I","subchapter":"H","part":"801","subpart":"H","section":"801.420"}}],"corrective_action":"(d) removed","error_corrected":"2009-05-08","error_occurred":"2008-10-15","fr_citation":"73 FR 31360","position":15,"display_in_toc":false,"title":21,"year":2009,"last_modified":"2021-12-22"},{"id":844,"cfr_references":[{"cfr_reference":"21 CFR 312.310","hierarchy":{"title":"21","chapter":"I","subchapter":"D","part":"312","subpart":"I","section":"312.310"}}],"corrective_action":"(d)(1) revised (should have been linked)","error_corrected":"2010-06-11","error_occurred":"2010-06-09","fr_citation":"74 FR 32659","position":1,"display_in_toc":false,"title":21,"year":2010,"last_modified":"2021-12-22"},{"id":846,"cfr_references":[{"cfr_reference":"21 CFR 510.600","hierarchy":{"title":"21","chapter":"I","subchapter":"E","part":"510","subpart":"G","section":"510.600"}}],"corrective_action":"(c)(1) and (2) tables amended","error_corrected":"2010-09-07","error_occurred":"2010-09-03","fr_citation":"74 FR 54016","position":2,"display_in_toc":false,"title":21,"year":2010,"last_modified":"2021-12-22"},{"id":989,"cfr_references":[{"cfr_reference":"21 CFR 333.310","hierarchy":{"title":"21","chapter":"I","subchapter":"D","part":"333","subpart":"D","section":"333.310"}}],"corrective_action":"Revised","error_corrected":"2011-04-20","error_occurred":"2011-03-04","fr_citation":"75 FR 9776","position":1,"display_in_toc":false,"title":21,"year":2011,"last_modified":"2021-12-22"},{"id":990,"cfr_references":[{"cfr_reference":"21 CFR 333.320","hierarchy":{"title":"21","chapter":"I","subchapter":"D","part":"333","subpart":"D","section":"333.320"}}],"corrective_action":"Revised","error_corrected":"2011-04-20","error_occurred":"2011-03-04","fr_citation":"75 FR 9776","position":2,"display_in_toc":false,"title":21,"year":2011,"last_modified":"2021-12-22"},{"id":991,"cfr_references":[{"cfr_reference":"21 CFR 333.350","hierarchy":{"title":"21","chapter":"I","subchapter":"D","part":"333","subpart":"D","section":"333.350"}}],"corrective_action":"(c) and (d) revised; (e) removed","error_corrected":"2011-04-20","error_occurred":"2011-03-04","fr_citation":"75 FR 9776","position":3,"display_in_toc":false,"title":21,"year":2011,"last_modified":"2021-12-22"},{"id":992,"cfr_references":[{"cfr_reference":"21 CFR 556.540","hierarchy":{"title":"21","chapter":"I","subchapter":"E","part":"556","subpart":"B","section":"556.540"}}],"corrective_action":"(b) removed and reserved","error_corrected":"2011-03-29","error_occurred":"2011-03-23","fr_citation":"76 FR 16290","position":4,"display_in_toc":false,"title":21,"year":2011,"last_modified":"2021-12-22"},{"id":1152,"cfr_references":[{"cfr_reference":"21 CFR 10.90","hierarchy":{"title":"21","chapter":"I","subchapter":"A","part":"10","subpart":"B","section":"10.90"}}],"corrective_action":"(d) amended","error_corrected":"2012-10-30","error_occurred":"2011-06-21","fr_citation":"76 FR 31469","position":1,"display_in_toc":false,"title":21,"year":2012,"last_modified":"2021-12-22"},{"id":1153,"cfr_references":[{"cfr_reference":"21 CFR 20.3","hierarchy":{"title":"21","chapter":"I","subchapter":"A","part":"20","subpart":"A","section":"20.3"}}],"corrective_action":"(a) added","error_corrected":"2012-10-30","error_occurred":"2011-06-21","fr_citation":"76 FR 31469","position":2,"display_in_toc":false,"title":21,"year":2012,"last_modified":"2021-12-22"},{"id":1154,"cfr_references":[{"cfr_reference":"21 CFR 20.26","hierarchy":{"title":"21","chapter":"I","subchapter":"A","part":"20","subpart":"B","section":"20.26"}}],"corrective_action":"(a) added","error_corrected":"2012-10-30","error_occurred":"2011-06-21","fr_citation":"76 FR 31469","position":3,"display_in_toc":false,"title":21,"year":2012,"last_modified":"2021-12-22"},{"id":1155,"cfr_references":[{"cfr_reference":"21 CFR Part 1141","hierarchy":{"title":"21","chapter":"I","subchapter":"K","part":"1141"}}],"corrective_action":"Added","error_corrected":"2012-12-18","error_occurred":"2012-09-22","fr_citation":"76 FR 36753","position":4,"display_in_toc":false,"title":21,"year":2012,"last_modified":"2021-12-22"},{"id":1156,"cfr_references":[{"cfr_reference":"21 CFR 1303.11","hierarchy":{"title":"21","chapter":"II","part":"1303","subject_group":"ECFR2b8c25396f0c33e","section":"1303.11"}}],"corrective_action":"(c) corrected","error_corrected":"2012-05-01","error_occurred":"2012-01-27","fr_citation":"77 FR 4235","position":5,"display_in_toc":false,"title":21,"year":2012,"last_modified":"2021-12-22"},{"id":1157,"cfr_references":[{"cfr_reference":"21 CFR 1310.10","hierarchy":{"title":"21","chapter":"II","part":"1310","section":"1310.10"}}],"corrective_action":"(a) corrected","error_corrected":"2012-05-01","error_occurred":"2012-01-27","fr_citation":"77 FR 4237","position":6,"display_in_toc":false,"title":21,"year":2012,"last_modified":"2021-12-22"},{"id":1281,"cfr_references":[{"cfr_reference":"21 CFR 16.1","hierarchy":{"title":"21","chapter":"I","subchapter":"A","part":"16","subpart":"A","section":"16.1"}}],"corrective_action":"Amended","error_corrected":"2013-12-05","error_occurred":"2013-09-24","fr_citation":"78 FR 58817","position":1,"display_in_toc":false,"title":21,"year":2013,"last_modified":"2021-12-22"},{"id":1282,"cfr_references":[{"cfr_reference":"21 CFR 211.122","hierarchy":{"title":"21","chapter":"I","subchapter":"C","part":"211","subpart":"G","section":"211.122"}}],"corrective_action":"(g) introductory text revised","error_corrected":"2013-05-01","error_occurred":"2013-03-20","fr_citation":"77 FR 16163","position":2,"display_in_toc":false,"title":21,"year":2013,"last_modified":"2021-12-22"},{"id":1524,"cfr_references":[{"cfr_reference":"21 CFR 510.600","hierarchy":{"title":"21","chapter":"I","subchapter":"E","part":"510","subpart":"G","section":"510.600"}}],"corrective_action":"(c)(1) amended","error_corrected":"2014-06-19","error_occurred":"2013-05-13","fr_citation":"78 FR 27859","position":1,"display_in_toc":false,"title":21,"year":2014,"last_modified":"2021-12-22"},{"id":1525,"cfr_references":[{"cfr_reference":"21 CFR 558.76","hierarchy":{"title":"21","chapter":"I","subchapter":"E","part":"558","subpart":"B","section":"558.76"}}],"corrective_action":"(d)(1), table amended","error_corrected":"2014-06-19","error_occurred":"2014-03-11","fr_citation":"79 FR 13544","position":2,"display_in_toc":false,"title":21,"year":2014,"last_modified":"2021-12-22"},{"id":1526,"cfr_references":[{"cfr_reference":"21 CFR 558.128","hierarchy":{"title":"21","chapter":"I","subchapter":"E","part":"558","subpart":"B","section":"558.128"}}],"corrective_action":"(e)(1), table amended","error_corrected":"2014-06-19","error_occurred":"2014-03-11","fr_citation":"79 FR 13544","position":3,"display_in_toc":false,"title":21,"year":2014,"last_modified":"2021-12-22"},{"id":1527,"cfr_references":[{"cfr_reference":"21 CFR 558.500","hierarchy":{"title":"21","chapter":"I","subchapter":"E","part":"558","subpart":"B","section":"558.500"}}],"corrective_action":"(e)(2)(vi),table amended","error_corrected":"2014-06-19","error_occurred":"2013-10-25","fr_citation":"78 FR 63872","position":4,"display_in_toc":false,"title":21,"year":2014,"last_modified":"2021-12-22"},{"id":1528,"cfr_references":[{"cfr_reference":"21 CFR 558.665","hierarchy":{"title":"21","chapter":"I","subchapter":"E","part":"558","subpart":"B","section":"558.665"}}],"corrective_action":"(e)(2),(e)(6),tables amended","error_corrected":"2014-06-19","error_occurred":"2013-07-15","fr_citation":"78 FR 42008","position":5,"display_in_toc":false,"title":21,"year":2014,"last_modified":"2021-12-22"},{"id":1681,"cfr_references":[{"cfr_reference":"21 CFR 25.15","hierarchy":{"title":"21","chapter":"I","subchapter":"A","part":"25","subpart":"B","section":"25.15"}}],"corrective_action":"(a), (c), and (d) amended","error_corrected":"2015-11-13","error_occurred":"2015-10-26","fr_citation":"80 FR 57535","position":1,"display_in_toc":false,"title":21,"year":2015,"last_modified":"2021-12-22"},{"id":1682,"cfr_references":[{"cfr_reference":"21 CFR 25.20","hierarchy":{"title":"21","chapter":"I","subchapter":"A","part":"25","subpart":"B","section":"25.20"}}],"corrective_action":"Introductory text revised; (o) and (p) added","error_corrected":"2015-11-13","error_occurred":"2015-10-26","fr_citation":"80 FR 57535","position":2,"display_in_toc":false,"title":21,"year":2015,"last_modified":"2021-12-22"},{"id":1683,"cfr_references":[{"cfr_reference":"21 CFR 25.30","hierarchy":{"title":"21","chapter":"I","subchapter":"A","part":"25","subpart":"C","section":"25.30"}}],"corrective_action":"Introductory tetx amended","error_corrected":"2015-11-13","error_occurred":"2015-10-26","fr_citation":"80 FR 57535","position":3,"display_in_toc":false,"title":21,"year":2015,"last_modified":"2021-12-22"},{"id":1684,"cfr_references":[{"cfr_reference":"21 CFR 25.35","hierarchy":{"title":"21","chapter":"I","subchapter":"A","part":"25","subpart":"C","section":"25.35"}}],"corrective_action":"Added","error_corrected":"2015-11-13","error_occurred":"2015-10-26","fr_citation":"80 FR 57535","position":4,"display_in_toc":false,"title":21,"year":2015,"last_modified":"2021-12-22"},{"id":1685,"cfr_references":[{"cfr_reference":"21 CFR 25.40","hierarchy":{"title":"21","chapter":"I","subchapter":"A","part":"25","subpart":"D","section":"25.40"}}],"corrective_action":"(a) amended","error_corrected":"2015-11-13","error_occurred":"2015-10-26","fr_citation":"80 FR 57511","position":5,"display_in_toc":false,"title":21,"year":2015,"last_modified":"2021-12-22"},{"id":1686,"cfr_references":[{"cfr_reference":"21 CFR 25.50","hierarchy":{"title":"21","chapter":"I","subchapter":"A","part":"25","subpart":"E","section":"25.50"}}],"corrective_action":"(b) amended","error_corrected":"2015-11-13","error_occurred":"2015-10-26","fr_citation":"80 FR 57535","position":6,"display_in_toc":false,"title":21,"year":2015,"last_modified":"2021-12-22"},{"id":1687,"cfr_references":[{"cfr_reference":"21 CFR 25.52","hierarchy":{"title":"21","chapter":"I","subchapter":"A","part":"25","subpart":"E","section":"25.52"}}],"corrective_action":"(a) amended; (b) and (c) revised","error_corrected":"2015-11-13","error_occurred":"2015-10-26","fr_citation":"80 FR 57535","position":7,"display_in_toc":false,"title":21,"year":2015,"last_modified":"2021-12-22"},{"id":1688,"cfr_references":[{"cfr_reference":"21 CFR 73.200","hierarchy":{"title":"21","chapter":"I","subchapter":"A","part":"73","subpart":"A","section":"73.200"}}],"corrective_action":"(b)(1) and (c)(1) revised","error_corrected":"2015-08-13","error_occurred":"2015-03-20","fr_citation":"80 FR 14842","position":8,"display_in_toc":false,"title":21,"year":2015,"last_modified":"2021-12-22"},{"id":1689,"cfr_references":[{"cfr_reference":"21 CFR 101.8","hierarchy":{"title":"21","chapter":"I","subchapter":"B","part":"101","subpart":"A","section":"101.8"}}],"corrective_action":"Added","error_corrected":"2015-05-15","error_occurred":"2014-12-01","fr_citation":"79 FR 71291","position":9,"display_in_toc":false,"title":21,"year":2015,"last_modified":"2021-12-22"},{"id":1690,"cfr_references":[{"cfr_reference":"21 CFR 101.9","hierarchy":{"title":"21","chapter":"I","subchapter":"B","part":"101","subpart":"A","section":"101.9"}}],"corrective_action":"Amended","error_corrected":"2015-05-15","error_occurred":"2014-12-01","fr_citation":"79 FR 71293","position":10,"display_in_toc":false,"title":21,"year":2015,"last_modified":"2021-12-22"},{"id":1691,"cfr_references":[{"cfr_reference":"21 CFR 201.57","hierarchy":{"title":"21","chapter":"I","subchapter":"C","part":"201","subpart":"B","section":"201.57"}}],"corrective_action":"(c)(9)(i), (ii), and (iii)  revised","error_corrected":"2015-05-15","error_occurred":"2014-12-04","fr_citation":"79 FR 72101","position":11,"display_in_toc":false,"title":21,"year":2015,"last_modified":"2021-12-22"},{"id":1692,"cfr_references":[{"cfr_reference":"21 CFR 520.1484","hierarchy":{"title":"21","chapter":"I","subchapter":"E","part":"520","section":"520.1484"}}],"corrective_action":"(b)(3) amended","error_corrected":"2015-04-29","error_occurred":"2014-05-20","fr_citation":"79 FR 28825","position":12,"display_in_toc":false,"title":21,"year":2015,"last_modified":"2021-12-22"},{"id":1693,"cfr_references":[{"cfr_reference":"21 CFR 520.1630","hierarchy":{"title":"21","chapter":"I","subchapter":"E","part":"520","section":"520.1630"}}],"corrective_action":"(b) reinstated","error_corrected":"2015-04-29","error_occurred":"2014-05-20","fr_citation":"79 FR 28825","position":13,"display_in_toc":false,"title":21,"year":2015,"last_modified":"2021-12-22"},{"id":1694,"cfr_references":[{"cfr_reference":"21 CFR 520.1660c","hierarchy":{"title":"21","chapter":"I","subchapter":"E","part":"520","section":"520.1660c"}}],"corrective_action":"(b) and (d)(3) amended","error_corrected":"2015-04-29","error_occurred":"2014-05-20","fr_citation":"79 FR 28825","position":14,"display_in_toc":false,"title":21,"year":2015,"last_modified":"2021-12-22"},{"id":1695,"cfr_references":[{"cfr_reference":"21 CFR 520.1802a","hierarchy":{"title":"21","chapter":"I","subchapter":"E","part":"520","section":"520.1802a"}}],"corrective_action":"(b) amended","error_corrected":"2015-04-29","error_occurred":"2014-05-20","fr_citation":"79 FR 28826","position":15,"display_in_toc":false,"title":21,"year":2015,"last_modified":"2021-12-22"},{"id":1696,"cfr_references":[{"cfr_reference":"21 CFR 520.1802b","hierarchy":{"title":"21","chapter":"I","subchapter":"E","part":"520","section":"520.1802b"}}],"corrective_action":"(b) amended","error_corrected":"2015-04-29","error_occurred":"2014-05-20","fr_citation":"79 FR 28826","position":16,"display_in_toc":false,"title":21,"year":2015,"last_modified":"2021-12-22"},{"id":1697,"cfr_references":[{"cfr_reference":"21 CFR 520.1802c","hierarchy":{"title":"21","chapter":"I","subchapter":"E","part":"520","section":"520.1802c"}}],"corrective_action":"(b) amended","error_corrected":"2015-04-29","error_occurred":"2014-05-20","fr_citation":"79 FR 28826","position":17,"display_in_toc":false,"title":21,"year":2015,"last_modified":"2021-12-22"},{"id":1698,"cfr_references":[{"cfr_reference":"21 CFR 520.2520g","hierarchy":{"title":"21","section":"520.2520g"}}],"corrective_action":"(c) removed (Ed. Note added)","error_corrected":"2015-04-29","error_occurred":"2014-05-20","fr_citation":"79 FR 28833","position":18,"display_in_toc":false,"title":21,"year":2015,"last_modified":"2021-12-22"},{"id":1699,"cfr_references":[{"cfr_reference":"21 CFR 558.450","hierarchy":{"title":"21","chapter":"I","subchapter":"E","part":"558","subpart":"B","section":"558.450"}}],"corrective_action":"(d)(4)(ii) amended","error_corrected":"2015-04-29","error_occurred":"2015-03-13","fr_citation":"80 FR 13232","position":19,"display_in_toc":false,"title":21,"year":2015,"last_modified":"2021-12-22"},{"id":1700,"cfr_references":[{"cfr_reference":"21 CFR Part 803","hierarchy":{"title":"21","chapter":"I","subchapter":"H","part":"803"}}],"corrective_action":"Revised","error_corrected":"2015-02-25","error_occurred":"2014-02-14","fr_citation":"79 FR 8846","position":20,"display_in_toc":false,"title":21,"year":2015,"last_modified":"2021-12-22"},{"id":1701,"cfr_references":[{"cfr_reference":"21 CFR 803.58","hierarchy":{"title":"21","chapter":"I","subchapter":"H","part":"803","subpart":"E","section":"803.58"}}],"corrective_action":"Stay lifted","error_corrected":"2015-02-25","error_occurred":"2014-02-14","fr_citation":"79 FR 8846","position":21,"display_in_toc":false,"title":21,"year":2015,"last_modified":"2021-12-22"},{"id":1865,"cfr_references":[{"cfr_reference":"21 CFR Part 1 Subpart O","hierarchy":{"title":"21","chapter":"I","subchapter":"A","part":"1","subpart":"O"}}],"corrective_action":"Added","error_corrected":"2016-04-08","error_occurred":"2016-04-06","fr_citation":"81 FR 20166","position":1,"display_in_toc":false,"title":21,"year":2016,"last_modified":"2021-12-22"},{"id":1866,"cfr_references":[{"cfr_reference":"21 CFR 201.80","hierarchy":{"title":"21","chapter":"I","subchapter":"C","part":"201","subpart":"C","section":"201.80"}}],"corrective_action":"(f)(6)(i)(b) and (c) amended","error_corrected":"2016-03-23","error_occurred":"2015-06-30","fr_citation":"79 FR 72103","position":2,"display_in_toc":false,"title":21,"year":2016,"last_modified":"2021-12-22"},{"id":1867,"cfr_references":[{"cfr_reference":"21 CFR 558.4","hierarchy":{"title":"21","chapter":"I","subchapter":"E","part":"558","subpart":"A","section":"558.4"}}],"corrective_action":"(d) amended","error_corrected":"2016-07-23","error_occurred":"2016-06-08","fr_citation":"81 FR 36790","position":3,"display_in_toc":false,"title":21,"year":2016,"last_modified":"2021-12-22"},{"id":2033,"cfr_references":[{"cfr_reference":"21 CFR 2.125","hierarchy":{"title":"21","chapter":"I","subchapter":"A","part":"2","subpart":"G","section":"2.125"}}],"corrective_action":"(e)(4)(vi) and (ix).removed","error_corrected":"2017-04-11","error_occurred":"2017-02-23","fr_citation":"81 FR 74302","position":1,"display_in_toc":false,"title":21,"year":2017,"last_modified":"2021-12-22"},{"id":2034,"cfr_references":[{"cfr_reference":"21 CFR 101.9","hierarchy":{"title":"21","chapter":"I","subchapter":"B","part":"101","subpart":"A","section":"101.9"}}],"corrective_action":"(c)(8) second (v) removed","error_corrected":"2017-04-05","error_occurred":"2016-07-26","fr_citation":"81 FR 33978","position":2,"display_in_toc":false,"title":21,"year":2017,"last_modified":"2021-12-22"},{"id":2035,"cfr_references":[{"cfr_reference":"21 CFR 101.9","hierarchy":{"title":"21","chapter":"I","subchapter":"B","part":"101","subpart":"A","section":"101.9"}}],"corrective_action":"(j)(4) first sentence revised","error_corrected":"2017-06-29","error_occurred":"2016-11-23","fr_citation":"81 FR 84465","position":3,"display_in_toc":false,"title":21,"year":2017,"last_modified":"2021-12-22"},{"id":2036,"cfr_references":[{"cfr_reference":"21 CFR 165.110","hierarchy":{"title":"21","chapter":"I","subchapter":"B","part":"165","subpart":"B","section":"165.110"}}],"corrective_action":"(b)(4)(iii)(I) amended","error_corrected":"2017-06-29","error_occurred":"2016-02-03","fr_citation":"81 FR 5591","position":4,"display_in_toc":false,"title":21,"year":2017,"last_modified":"2021-12-22"},{"id":2037,"cfr_references":[{"cfr_reference":"21 CFR 314.50","hierarchy":{"title":"21","chapter":"I","subchapter":"D","part":"314","subpart":"B","section":"314.50"}}],"corrective_action":"(j)(4) introductory text amended","error_corrected":"2017-01-10","error_occurred":"2016-12-05","fr_citation":"81 FR 69639","position":5,"display_in_toc":false,"title":21,"year":2017,"last_modified":"2021-12-22"},{"id":2038,"cfr_references":[{"cfr_reference":"21 CFR 314.94","hierarchy":{"title":"21","chapter":"I","subchapter":"D","part":"314","subpart":"C","section":"314.94"}}],"corrective_action":"(a)(8)(i) amended","error_corrected":"2017-01-10","error_occurred":"2016-12-05","fr_citation":"81 FR 69649","position":6,"display_in_toc":false,"title":21,"year":2017,"last_modified":"2021-12-22"},{"id":2039,"cfr_references":[{"cfr_reference":"21 CFR 314.94","hierarchy":{"title":"21","chapter":"I","subchapter":"D","part":"314","subpart":"C","section":"314.94"}}],"corrective_action":"(a)(12)(i)(B) amended","error_corrected":"2017-01-10","error_occurred":"2016-12-05","fr_citation":"81 FR 69649","position":7,"display_in_toc":false,"title":21,"year":2017,"last_modified":"2021-12-22"},{"id":2040,"cfr_references":[{"cfr_reference":"21 CFR 314.94","hierarchy":{"title":"21","chapter":"I","subchapter":"D","part":"314","subpart":"C","section":"314.94"}}],"corrective_action":"(a)(12)(i)(a)(4) amended","error_corrected":"2017-01-10","error_occurred":"2016-12-05","fr_citation":"81 FR 69649","position":8,"display_in_toc":false,"title":21,"year":2017,"last_modified":"2021-12-22"},{"id":2041,"cfr_references":[{"cfr_reference":"21 CFR 314.94","hierarchy":{"title":"21","chapter":"I","subchapter":"D","part":"314","subpart":"C","section":"314.94"}}],"corrective_action":"(a)(12)(ii) through (iii) amended","error_corrected":"2017-01-10","error_occurred":"2016-12-05","fr_citation":"81 FR 69649","position":9,"display_in_toc":false,"title":21,"year":2017,"last_modified":"2021-12-22"},{"id":2042,"cfr_references":[{"cfr_reference":"21 CFR 314.94","hierarchy":{"title":"21","chapter":"I","subchapter":"D","part":"314","subpart":"C","section":"314.94"}}],"corrective_action":"(a)(12)(iv) through (viii) amended","error_corrected":"2017-01-10","error_occurred":"2016-12-05","fr_citation":"81 FR 69649","position":10,"display_in_toc":false,"title":21,"year":2017,"last_modified":"2021-12-22"},{"id":2043,"cfr_references":[{"cfr_reference":"21 CFR 314.127","hierarchy":{"title":"21","chapter":"I","subchapter":"D","part":"314","subpart":"D","section":"314.127"}}],"corrective_action":"(a)(14) added","error_corrected":"2017-01-10","error_occurred":"2016-12-05","fr_citation":"81 FR 69658","position":11,"display_in_toc":false,"title":21,"year":2017,"last_modified":"2021-12-22"},{"id":2044,"cfr_references":[{"cfr_reference":"21 CFR 320.1","hierarchy":{"title":"21","chapter":"I","subchapter":"D","part":"320","subpart":"A","section":"320.1"}}],"corrective_action":"Revised","error_corrected":"2017-01-11","error_occurred":"2016-12-05","fr_citation":"81 FR 69658","position":12,"display_in_toc":false,"title":21,"year":2017,"last_modified":"2021-12-22"},{"id":2045,"cfr_references":[{"cfr_reference":"21 CFR 522.1077","hierarchy":{"title":"21","chapter":"I","subchapter":"E","part":"522","section":"522.1077"}}],"corrective_action":"(b)(3) amended","error_corrected":"2017-05-11","error_occurred":"2016-06-08","fr_citation":"81 FR 36789","position":13,"display_in_toc":false,"title":21,"year":2017,"last_modified":"2021-12-22"},{"id":2046,"cfr_references":[{"cfr_reference":"21 CFR 560.530","hierarchy":{"title":"21","section":"560.530"}}],"corrective_action":"(a)(3)(ii) correctly removed","error_corrected":"2017-04-05","error_occurred":"2016-07-26","fr_citation":"81 FR 94257","position":14,"display_in_toc":false,"title":21,"year":2017,"last_modified":"2021-12-22"},{"id":2047,"cfr_references":[{"cfr_reference":"21 CFR 866.5940","hierarchy":{"title":"21","chapter":"I","subchapter":"H","part":"866","subpart":"F","section":"866.5940"}}],"corrective_action":"(b) introductory text revised; (b)(4) corrected","error_corrected":"2017-11-16","error_occurred":"2017-11-07","fr_citation":"82 FR 51570","position":15,"display_in_toc":false,"title":21,"year":2017,"last_modified":"2021-12-22"},{"id":2048,"cfr_references":[{"cfr_reference":"21 CFR Part 1105","hierarchy":{"title":"21","chapter":"I","subchapter":"K","part":"1105"}}],"corrective_action":"Added","error_corrected":"2017-06-07","error_occurred":"2017-03-21","fr_citation":"81 FR 95869","position":16,"display_in_toc":false,"title":21,"year":2017,"last_modified":"2021-12-22"},{"id":2269,"cfr_references":[{"cfr_reference":"21 CFR 310.545","hierarchy":{"title":"21","chapter":"I","subchapter":"D","part":"310","subpart":"E","section":"310.545"}}],"corrective_action":"(a)(27)(vi), (viii), (x) added; (d)(42) added","error_corrected":"2018-01-10","error_occurred":"2017-12-20","fr_citation":"82 FR 60502","position":1,"display_in_toc":false,"title":21,"year":2018,"last_modified":"2021-12-22"},{"id":2270,"cfr_references":[{"cfr_reference":"21 CFR Part 807","hierarchy":{"title":"21","chapter":"I","subchapter":"H","part":"807"}}],"corrective_action":"Corrected","error_corrected":"2018-11-16","error_occurred":"2018-02-22","fr_citation":"83 FR 7385","position":2,"display_in_toc":false,"title":21,"year":2018,"last_modified":"2021-12-22"},{"id":2271,"cfr_references":[{"cfr_reference":"21 CFR 807.87","hierarchy":{"title":"21","chapter":"I","subchapter":"H","part":"807","subpart":"E","section":"807.87"}}],"corrective_action":"Corrected","error_corrected":"2018-11-16","error_occurred":"2018-02-22","fr_citation":"83 FR 7385","position":3,"display_in_toc":false,"title":21,"year":2018,"last_modified":"2021-12-22"},{"id":2272,"cfr_references":[{"cfr_reference":"21 CFR Part 812","hierarchy":{"title":"21","chapter":"I","subchapter":"H","part":"812"}}],"corrective_action":"Corrected","error_corrected":"2018-11-16","error_occurred":"2018-02-22","fr_citation":"83 FR 7385","position":4,"display_in_toc":false,"title":21,"year":2018,"last_modified":"2021-12-22"},{"id":2273,"cfr_references":[{"cfr_reference":"21 CFR 812.3","hierarchy":{"title":"21","chapter":"I","subchapter":"H","part":"812","subpart":"A","section":"812.3"}}],"corrective_action":"Corrected","error_corrected":"2018-11-16","error_occurred":"2018-02-22","fr_citation":"83 FR 7385","position":5,"display_in_toc":false,"title":21,"year":2018,"last_modified":"2021-12-22"},{"id":2274,"cfr_references":[{"cfr_reference":"21 CFR 812.27","hierarchy":{"title":"21","chapter":"I","subchapter":"H","part":"812","subpart":"B","section":"812.27"}}],"corrective_action":"Corrected","error_corrected":"2018-11-16","error_occurred":"2018-02-22","fr_citation":"83 FR 7385","position":6,"display_in_toc":false,"title":21,"year":2018,"last_modified":"2021-12-22"},{"id":2275,"cfr_references":[{"cfr_reference":"21 CFR 812.28","hierarchy":{"title":"21","chapter":"I","subchapter":"H","part":"812","subpart":"B","section":"812.28"}}],"corrective_action":"Corrected","error_corrected":"2018-11-16","error_occurred":"2018-02-22","fr_citation":"83 FR 7386","position":7,"display_in_toc":false,"title":21,"year":2018,"last_modified":"2021-12-22"},{"id":2276,"cfr_references":[{"cfr_reference":"21 CFR 812.40","hierarchy":{"title":"21","chapter":"I","subchapter":"H","part":"812","subpart":"C","section":"812.40"}}],"corrective_action":"Corrected","error_corrected":"2018-11-16","error_occurred":"2018-02-22","fr_citation":"83 FR 7387","position":8,"display_in_toc":false,"title":21,"year":2018,"last_modified":"2021-12-22"},{"id":2277,"cfr_references":[{"cfr_reference":"21 CFR Part 814","hierarchy":{"title":"21","chapter":"I","subchapter":"H","part":"814"}}],"corrective_action":"Corrected","error_corrected":"2018-11-16","error_occurred":"2018-02-22","fr_citation":"83 FR 7387","position":9,"display_in_toc":false,"title":21,"year":2018,"last_modified":"2021-12-22"},{"id":2278,"cfr_references":[{"cfr_reference":"21 CFR 814.20","hierarchy":{"title":"21","chapter":"I","subchapter":"H","part":"814","subpart":"B","section":"814.20"}}],"corrective_action":"Corrected","error_corrected":"2018-11-16","error_occurred":"2018-02-22","fr_citation":"83 FR 7387","position":10,"display_in_toc":false,"title":21,"year":2018,"last_modified":"2021-12-22"},{"id":2279,"cfr_references":[{"cfr_reference":"21 CFR 814.45","hierarchy":{"title":"21","chapter":"I","subchapter":"H","part":"814","subpart":"C","section":"814.45"}}],"corrective_action":"Corrected","error_corrected":"2018-11-16","error_occurred":"2018-02-22","fr_citation":"83 FR 7387","position":11,"display_in_toc":false,"title":21,"year":2018,"last_modified":"2021-12-22"},{"id":2280,"cfr_references":[{"cfr_reference":"21 CFR 814.46","hierarchy":{"title":"21","chapter":"I","subchapter":"H","part":"814","subpart":"C","section":"814.46"}}],"corrective_action":"Corrected","error_corrected":"2018-11-16","error_occurred":"2018-02-22","fr_citation":"83 FR 7387","position":12,"display_in_toc":false,"title":21,"year":2018,"last_modified":"2021-12-22"},{"id":2281,"cfr_references":[{"cfr_reference":"21 CFR 814.104","hierarchy":{"title":"21","chapter":"I","subchapter":"H","part":"814","subpart":"H","section":"814.104"}}],"corrective_action":"Corrected","error_corrected":"2018-11-16","error_occurred":"2018-02-22","fr_citation":"83 FR 7388","position":13,"display_in_toc":false,"title":21,"year":2018,"last_modified":"2021-12-22"},{"id":2363,"cfr_references":[{"cfr_reference":"21 CFR 558.450","hierarchy":{"title":"21","chapter":"I","subchapter":"E","part":"558","subpart":"B","section":"558.450"}}],"corrective_action":"(e)(5) amended","error_corrected":"2019-04-09","error_occurred":"2019-04-02","fr_citation":"84 FR 12502","position":1,"display_in_toc":false,"title":21,"year":2019,"last_modified":"2021-12-22"},{"id":2603,"cfr_references":[{"cfr_reference":"21 CFR 1.280","hierarchy":{"title":"21","chapter":"I","subchapter":"A","part":"1","subpart":"I","subject_group":"ECFR03e54b15325e2a9","section":"1.280"}}],"corrective_action":"(c) amended","error_corrected":"2020-08-24","error_occurred":"2020-08-18","fr_citation":"85 FR 50782","position":1,"display_in_toc":false,"title":21,"year":2020,"last_modified":"2021-12-22"},{"id":2604,"cfr_references":[{"cfr_reference":"21 CFR 610.30","hierarchy":{"title":"21","chapter":"I","subchapter":"F","part":"610","subpart":"D","section":"610.30"}}],"corrective_action":"Removed","error_corrected":"2020-10-01","error_occurred":"2020-08-31","fr_citation":"85 FR 51639","position":2,"display_in_toc":false,"title":21,"year":2020,"last_modified":"2021-12-22"},{"id":2605,"cfr_references":[{"cfr_reference":"21 CFR 895.105","hierarchy":{"title":"21","chapter":"I","subchapter":"H","part":"895","subpart":"B","section":"895.105"}}],"corrective_action":"(b) removed","error_corrected":"2020-04-16","error_occurred":"2020-04-06","fr_citation":"85 FR 13354","position":3,"display_in_toc":false,"title":21,"year":2020,"last_modified":"2021-12-22"},{"id":2606,"cfr_references":[{"cfr_reference":"21 CFR 1308.11","hierarchy":{"title":"21","chapter":"II","part":"1308","subject_group":"ECFRf62f8e189108c4d","section":"1308.11"}}],"corrective_action":"(g)(10) through (g)(15) reinstated","error_corrected":"2020-04-27","error_occurred":"2020-04-10","fr_citation":"82 FR 17123, 84 FR 13796","position":4,"display_in_toc":false,"title":21,"year":2020,"last_modified":"2021-12-22"},{"id":3905,"cfr_references":[{"cfr_reference":"21 CFR 20.40","hierarchy":{"title":"21","chapter":"I","subchapter":"A","part":"20","subpart":"C","section":"20.40"}}],"corrective_action":"(a) added","error_corrected":"2023-05-04","error_occurred":"2022-10-13","fr_citation":"87 FR 55912","position":1,"display_in_toc":false,"title":21,"year":2023,"last_modified":"2023-05-08"},{"id":3904,"cfr_references":[{"cfr_reference":"21 CFR 20.41","hierarchy":{"title":"21","chapter":"I","subchapter":"A","part":"20","subpart":"C","section":"20.41"}}],"corrective_action":"(b)(3)(i)(A) added","error_corrected":"2023-05-04","error_occurred":"2022-10-13","fr_citation":"87 FR 55912","position":2,"display_in_toc":false,"title":21,"year":2023,"last_modified":"2023-05-08"},{"id":3869,"cfr_references":[{"cfr_reference":"21 CFR 1310.02","hierarchy":{"title":"21","chapter":"II","part":"1310","section":"1310.02"}}],"corrective_action":"(a)(38) reserved paragraph added","error_corrected":"2023-02-09","error_occurred":"2022-11-09","fr_citation":"87 FR 67552","position":3,"display_in_toc":false,"title":21,"year":2023,"last_modified":"2023-05-05"},{"id":3910,"cfr_references":[{"cfr_reference":"21 CFR 1310.04","hierarchy":{"title":"21","chapter":"II","part":"1310","section":"1310.04"}}],"corrective_action":"Redesignate paragraphs (g)(1)(iii) through (xviii) as paragraphs (g)(1)(iv) through (xix), and adding a new (g)(1)(iii)","error_corrected":"2023-05-19","error_occurred":"2022-11-09","fr_citation":"87 FR 67552","position":4,"display_in_toc":false,"title":21,"year":2023,"last_modified":"2023-05-22"},{"id":4166,"cfr_references":[{"cfr_reference":"21 CFR 4.2","hierarchy":{"title":"21","chapter":"I","subchapter":"A","part":"4","subpart":"A","section":"4.2"}}],"corrective_action":"The definitions of \"Device\" and \"QS regulation were restored and the definition of \"QMSR\" was removed","error_corrected":"2024-06-20","error_occurred":"2024-02-02","fr_citation":"89 FR 7522","position":1,"display_in_toc":false,"title":21,"year":2024,"last_modified":"2024-06-21"},{"id":4167,"cfr_references":[{"cfr_reference":"21 CFR 4.4","hierarchy":{"title":"21","chapter":"I","subchapter":"A","part":"4","subpart":"A","section":"4.4"}}],"corrective_action":"(b)(1), (b)(2) introductory text restored and (f) removed","error_corrected":"2024-06-20","error_occurred":"2024-02-02","fr_citation":"89 FR 7522","position":2,"display_in_toc":false,"title":21,"year":2024,"last_modified":"2024-06-21"},{"id":4196,"cfr_references":[{"cfr_reference":"21 CFR 350.60","hierarchy":{"title":"21","chapter":"I","subchapter":"D","part":"350","subpart":"D","section":"350.60"}}],"corrective_action":"Amended","error_corrected":"2024-08-12","error_occurred":"2023-07-14","fr_citation":"88 FR 45066","position":3,"display_in_toc":false,"title":21,"year":2024,"last_modified":"2024-08-13"},{"id":4101,"cfr_references":[{"cfr_reference":"21 CFR 558.625","hierarchy":{"title":"21","chapter":"I","subchapter":"E","part":"558","subpart":"B","section":"558.625"}}],"corrective_action":"Correctly amended (e)(2)(viii)","error_corrected":"2024-04-11","error_occurred":"2023-12-06","fr_citation":"88 FR 84702","position":4,"display_in_toc":false,"title":21,"year":2024,"last_modified":"2024-08-13"},{"id":4298,"cfr_references":[{"cfr_reference":"21 CFR 1308.11","hierarchy":{"title":"21","chapter":"II","part":"1308","subject_group":"ECFRf62f8e189108c4d","section":"1308.11"}}],"corrective_action":"(b)(64) amended","error_corrected":"2025-02-20","error_occurred":"2024-10-25","fr_citation":"89 FR 85050","position":1,"display_in_toc":false,"title":21,"year":2025,"last_modified":"2025-02-21"}]}