{"ecfr_corrections":[{"id":151,"cfr_references":[{"cfr_reference":"32 CFR Part 175","hierarchy":{"title":"32","subtitle":"A","chapter":"I","subchapter":"H","part":"175"}}],"corrective_action":"Removed","error_corrected":"2006-03-01","error_occurred":"2006-02-28","fr_citation":"71 FR 9927","position":1,"display_in_toc":false,"title":32,"year":2006,"last_modified":"2021-12-22"},{"id":152,"cfr_references":[{"cfr_reference":"32 CFR Part 343","hierarchy":{"title":"32","part":"343"}}],"corrective_action":"Removed","error_corrected":"2006-05-26","error_occurred":"2006-02-24","fr_citation":"71 FR 9452","position":2,"display_in_toc":false,"title":32,"year":2006,"last_modified":"2021-12-22"},{"id":279,"cfr_references":[{"cfr_reference":"32 CFR Part 143","hierarchy":{"title":"32","part":"143"}}],"corrective_action":"Revised","error_corrected":"2007-07-09","error_occurred":"2007-01-22","fr_citation":"71 FR 76914","position":1,"display_in_toc":false,"title":32,"year":2007,"last_modified":"2021-12-22"},{"id":280,"cfr_references":[{"cfr_reference":"32 CFR Part 207","hierarchy":{"title":"32","subtitle":"A","chapter":"I","subchapter":"M","part":"207"}}],"corrective_action":"Removed","error_corrected":"2007-07-18","error_occurred":"2006-09-30","fr_citation":"71 FR 27905","position":2,"display_in_toc":false,"title":32,"year":2007,"last_modified":"2021-12-22"},{"id":702,"cfr_references":[{"cfr_reference":"32 CFR 706.2","hierarchy":{"title":"32","section":"706.2"}}],"corrective_action":"Table Four amended","error_corrected":"2009-07-16","error_occurred":"2008-08-20","fr_citation":"73 FR 49098","position":1,"display_in_toc":false,"title":32,"year":2009,"last_modified":"2021-12-22"},{"id":853,"cfr_references":[{"cfr_reference":"32 CFR 320.5","hierarchy":{"title":"32","section":"320.5"}}],"corrective_action":"(b)(2) amended","error_corrected":"2010-06-21","error_occurred":"2004-01-14","fr_citation":"69 FR 2066","position":1,"display_in_toc":false,"title":32,"year":2010,"last_modified":"2021-12-22"},{"id":1882,"cfr_references":[{"cfr_reference":"32 CFR 635.5","hierarchy":{"title":"32","subtitle":"A","chapter":"V","subchapter":"I","part":"635","subpart":"A","section":"635.5"}}],"corrective_action":"(e) introductory text amended","error_corrected":"2016-09-09","error_occurred":"2016-04-28","fr_citation":"81 FR 17386","position":1,"display_in_toc":false,"title":32,"year":2016,"last_modified":"2021-12-22"},{"id":1883,"cfr_references":[{"cfr_reference":"32 CFR Part 1704","hierarchy":{"title":"32","subtitle":"B","chapter":"XVII","part":"1704"}}],"corrective_action":"Added","error_corrected":"2016-03-06","error_occurred":"2016-02-26","fr_citation":"81 FR 9768","position":2,"display_in_toc":false,"title":32,"year":2016,"last_modified":"2021-12-22"},{"id":2119,"cfr_references":[{"cfr_reference":"32 CFR 66.6","hierarchy":{"title":"32","subtitle":"A","chapter":"I","subchapter":"D","part":"66","section":"66.6"}}],"corrective_action":"(b)(2)(ii) corrected placement of closing parenthesis","error_corrected":"2017-08-04","error_occurred":"2016-10-19","fr_citation":"81 FR 64063","position":1,"display_in_toc":false,"title":32,"year":2017,"last_modified":"2021-12-22"},{"id":2120,"cfr_references":[{"cfr_reference":"32 CFR 103.2","hierarchy":{"title":"32","subtitle":"A","chapter":"I","subchapter":"D","part":"103","section":"103.2"}}],"corrective_action":"(d) introductory text removed “care” and added “healthcare” in its place in last sentence","error_corrected":"2017-08-04","error_occurred":"2016-09-27","fr_citation":"81 FR 66187","position":2,"display_in_toc":false,"title":32,"year":2017,"last_modified":"2021-12-22"},{"id":2121,"cfr_references":[{"cfr_reference":"32 CFR 105.1","hierarchy":{"title":"32","subtitle":"A","chapter":"I","subchapter":"D","part":"105","section":"105.1"}}],"corrective_action":"(d) removed “10.U.S.C.113,”","error_corrected":"2017-08-04","error_occurred":"2016-09-27","fr_citation":"81 FR 66427","position":3,"display_in_toc":false,"title":32,"year":2017,"last_modified":"2021-12-22"},{"id":2122,"cfr_references":[{"cfr_reference":"32 CFR 105.7","hierarchy":{"title":"32","subtitle":"A","chapter":"I","subchapter":"D","part":"105","section":"105.7"}}],"corrective_action":"(a)(8) correctly amended","error_corrected":"2017-08-04","error_occurred":"2016-09-27","fr_citation":"81 FR 66437","position":4,"display_in_toc":false,"title":32,"year":2017,"last_modified":"2021-12-22"},{"id":2123,"cfr_references":[{"cfr_reference":"32 CFR 105.11","hierarchy":{"title":"32","subtitle":"A","chapter":"I","subchapter":"D","part":"105","section":"105.11"}}],"corrective_action":"(a)(1) correctly amended","error_corrected":"2017-08-04","error_occurred":"2016-09-27","fr_citation":"81 FR 66448","position":5,"display_in_toc":false,"title":32,"year":2017,"last_modified":"2021-12-22"},{"id":2124,"cfr_references":[{"cfr_reference":"32 CFR 199.6","hierarchy":{"title":"32","subtitle":"A","chapter":"I","subchapter":"M","part":"199","section":"199.6"}}],"corrective_action":"(b)(4)(iv)(B) and (D),(b)(4)(vii), (b)(4)(xii), and (b)(4)(xiv) revised and paragraphs (b)(4)(xviii) and (xix) are added","error_corrected":"2017-05-26","error_occurred":"2016-10-03","fr_citation":"81 FR 61085","position":6,"display_in_toc":false,"title":32,"year":2017,"last_modified":"2021-12-22"},{"id":2125,"cfr_references":[{"cfr_reference":"32 CFR 310.30","hierarchy":{"title":"32","subtitle":"A","chapter":"I","subchapter":"O","part":"310","subpart":"F","section":"310.30"}}],"corrective_action":"Added to Subpart F","error_corrected":"2017-02-15","error_occurred":"2016-10-17","fr_citation":"81 FR 71380","position":7,"display_in_toc":false,"title":32,"year":2017,"last_modified":"2021-12-22"},{"id":2287,"cfr_references":[{"cfr_reference":"32 CFR 199.2","hierarchy":{"title":"32","subtitle":"A","chapter":"I","subchapter":"M","part":"199","section":"199.2"}}],"corrective_action":"(b) correctly amended; definition removed","error_corrected":"2018-08-13","error_occurred":"2018-03-05","fr_citation":"82 FR 61692","position":1,"display_in_toc":false,"title":32,"year":2018,"last_modified":"2021-12-22"},{"id":2381,"cfr_references":[{"cfr_reference":"32 CFR Part 151","hierarchy":{"title":"32","subtitle":"A","chapter":"I","subchapter":"E","part":"151"}}],"corrective_action":"Part 151 revised","error_corrected":"2019-06-07","error_occurred":"2018-05-31","fr_citation":"83 FR 18384","position":1,"display_in_toc":false,"title":32,"year":2019,"last_modified":"2021-12-22"},{"id":2382,"cfr_references":[{"cfr_reference":"32 CFR Part 310","hierarchy":{"title":"32","subtitle":"A","chapter":"I","subchapter":"O","part":"310"}}],"corrective_action":"Link added","error_corrected":"2019-05-09","error_occurred":"2019-04-18","fr_citation":"84 FR 16210","position":2,"display_in_toc":false,"title":32,"year":2019,"last_modified":"2021-12-22"},{"id":2615,"cfr_references":[{"cfr_reference":"32 CFR Chapter I","hierarchy":{"title":"32","subtitle":"A","chapter":"I"}}],"corrective_action":"Subchapters C through L, restored; technical error","error_corrected":"2020-07-27","error_occurred":"2020-07-22","fr_citation":"N/A","position":1,"display_in_toc":false,"title":32,"year":2020,"last_modified":"2021-12-22"},{"id":2616,"cfr_references":[{"cfr_reference":"32 CFR 199.6","hierarchy":{"title":"32","subtitle":"A","chapter":"I","subchapter":"M","part":"199","section":"199.6"}}],"corrective_action":"(c)(2)(i) revised","error_corrected":"2020-09-17","error_occurred":"2020-05-12","fr_citation":"85 FR 27927","position":2,"display_in_toc":false,"title":32,"year":2020,"last_modified":"2021-12-22"},{"id":2617,"cfr_references":[{"cfr_reference":"32 CFR 199.14","hierarchy":{"title":"32","subtitle":"A","chapter":"I","subchapter":"M","part":"199","section":"199.14"}}],"corrective_action":"(j)(1)(xi) revised","error_corrected":"2020-08-13","error_occurred":"2020-07-06","fr_citation":"85 FR 34104","position":3,"display_in_toc":false,"title":32,"year":2020,"last_modified":"2021-12-22"},{"id":2618,"cfr_references":[{"cfr_reference":"32 CFR 199.17","hierarchy":{"title":"32","subtitle":"A","chapter":"I","subchapter":"M","part":"199","section":"199.17"}}],"corrective_action":"(l)(3), (4) amended","error_corrected":"2020-09-17","error_occurred":"2020-05-12","fr_citation":"85 FR 27927","position":4,"display_in_toc":false,"title":32,"year":2020,"last_modified":"2021-12-22"},{"id":3801,"cfr_references":[{"cfr_reference":"32 CFR 159.6","hierarchy":{"title":"32","subtitle":"A","chapter":"I","subchapter":"F","part":"159","section":"159.6"}}],"corrective_action":"(b) corrected","error_corrected":"2022-10-17","error_occurred":"2022-10-11","fr_citation":"87 FR 55283","position":1,"display_in_toc":false,"title":32,"year":2022,"last_modified":"2022-10-18"},{"id":4184,"cfr_references":[{"cfr_reference":"32 CFR Appendix 1 to 161.7","hierarchy":{"title":"32","part":"161","section":"161.7","appendix":"Appendix 1 to 161.7"}}],"corrective_action":"(d)(2)(vii) text correctly revised","error_corrected":"2024-07-15","error_occurred":"2024-03-15","fr_citation":"89 FR 11179","position":1,"display_in_toc":false,"title":32,"year":2024,"last_modified":"2024-07-15"}]}