{"ecfr_corrections":[{"id":14,"cfr_references":[{"cfr_reference":"29 CFR 1910.178","hierarchy":{"title":"29","subtitle":"B","chapter":"XVII","part":"1910","subpart":"N","section":"1910.178"}}],"corrective_action":"(m)(12)(i), (ii), (iii) removed","error_corrected":"2005-09-30","error_occurred":"2003-07-02","fr_citation":"68 FR 32638","position":1,"display_in_toc":false,"title":29,"year":2005,"last_modified":"2021-12-22"},{"id":15,"cfr_references":[{"cfr_reference":"29 CFR 2200.203","hierarchy":{"title":"29","subtitle":"B","chapter":"XX","part":"2200","subpart":"M","section":"2200.203"}}],"corrective_action":"(b) amended","error_corrected":"2005-09-19","error_occurred":"2005-08-01","fr_citation":"70 FR 22792","position":2,"display_in_toc":false,"title":29,"year":2005,"last_modified":"2021-12-22"},{"id":16,"cfr_references":[{"cfr_reference":"29 CFR 2200.204","hierarchy":{"title":"29","subtitle":"B","chapter":"XX","part":"2200","subpart":"M","section":"2200.204"}}],"corrective_action":"(b) and (c) amended","error_corrected":"2005-09-19","error_occurred":"2005-08-01","fr_citation":"70 FR 22792","position":3,"display_in_toc":false,"title":29,"year":2005,"last_modified":"2021-12-22"},{"id":17,"cfr_references":[{"cfr_reference":"29 CFR 2200.205","hierarchy":{"title":"29","subtitle":"B","chapter":"XX","part":"2200","subpart":"M","section":"2200.205"}}],"corrective_action":"(a) amended","error_corrected":"2005-09-19","error_occurred":"2005-08-01","fr_citation":"70 FR 22792","position":4,"display_in_toc":false,"title":29,"year":2005,"last_modified":"2021-12-22"},{"id":149,"cfr_references":[{"cfr_reference":"29 CFR 1910.1026","hierarchy":{"title":"29","subtitle":"B","chapter":"XVII","part":"1910","subpart":"Z","section":"1910.1026"}}],"corrective_action":"Added","error_corrected":"2006-03-01","error_occurred":"2006-02-28","fr_citation":"71 FR 10374","position":1,"display_in_toc":false,"title":29,"year":2006,"last_modified":"2021-12-22"},{"id":447,"cfr_references":[{"cfr_reference":"29 CFR 4006.5","hierarchy":{"title":"29","subtitle":"B","chapter":"XL","subchapter":"B","part":"4006","section":"4006.5"}}],"corrective_action":"Superseded (b), (c) and (d) removed","error_corrected":"2008-11-19","error_occurred":"2008-04-21","fr_citation":"73 FR 15075","position":1,"display_in_toc":false,"title":29,"year":2008,"last_modified":"2021-12-22"},{"id":692,"cfr_references":[{"cfr_reference":"29 CFR 215.6","hierarchy":{"title":"29","subtitle":"B","chapter":"II","part":"215","section":"215.6"}}],"corrective_action":"Amended","error_corrected":"2009-08-05","error_occurred":"2008-10-01","fr_citation":"73 FR 47056","position":1,"display_in_toc":false,"title":29,"year":2009,"last_modified":"2021-12-22"},{"id":849,"cfr_references":[{"cfr_reference":"29 CFR 404.1","hierarchy":{"title":"29","subtitle":"B","chapter":"IV","subchapter":"A","part":"404","section":"404.1"}}],"corrective_action":"Amended","error_corrected":"2010-01-27","error_occurred":"2007-08-16","fr_citation":"72 FR 36158","position":1,"display_in_toc":false,"title":29,"year":2010,"last_modified":"2021-12-22"},{"id":850,"cfr_references":[{"cfr_reference":"29 CFR 2578.1","hierarchy":{"title":"29","subtitle":"B","chapter":"XXV","subchapter":"G","part":"2578","section":"2578.1"}}],"corrective_action":"App. B corrected; App. C revised","error_corrected":"2010-06-21","error_occurred":"2008-10-07","fr_citation":"73 FR 58465","position":2,"display_in_toc":false,"title":29,"year":2010,"last_modified":"2021-12-22"},{"id":997,"cfr_references":[{"cfr_reference":"29 CFR Part 4044","hierarchy":{"title":"29","subtitle":"B","chapter":"XL","subchapter":"E","part":"4044"}}],"corrective_action":"Table corrected","error_corrected":"2011-04-06","error_occurred":"2010-07-01","fr_citation":"61 FR 36626","position":1,"display_in_toc":false,"title":29,"year":2011,"last_modified":"2021-12-22"},{"id":1165,"cfr_references":[{"cfr_reference":"29 CFR 1910.184","hierarchy":{"title":"29","subtitle":"B","chapter":"XVII","part":"1910","subpart":"N","section":"1910.184"}}],"corrective_action":"Table N-184-20","error_corrected":"2012-04-26","error_occurred":"2011-07-08","fr_citation":"76 FR 33607","position":1,"display_in_toc":false,"title":29,"year":2012,"last_modified":"2021-12-22"},{"id":1286,"cfr_references":[{"cfr_reference":"29 CFR 1910.1200","hierarchy":{"title":"29","subtitle":"B","chapter":"XVII","part":"1910","subpart":"Z","section":"1910.1200"}}],"corrective_action":"Appenix A Amended","error_corrected":"2013-07-22","error_occurred":"2013-02-08","fr_citation":"78 FR 9313","position":1,"display_in_toc":false,"title":29,"year":2013,"last_modified":"2021-12-22"},{"id":1287,"cfr_references":[{"cfr_reference":"29 CFR 1917.3","hierarchy":{"title":"29","subtitle":"B","chapter":"XVII","part":"1917","subpart":"A","section":"1917.3"}}],"corrective_action":"(b)(9), (10), (11) revised","error_corrected":"2013-01-22","error_occurred":"2012-09-20","fr_citation":"77 FR 37599","position":2,"display_in_toc":false,"title":29,"year":2013,"last_modified":"2021-12-22"},{"id":1538,"cfr_references":[{"cfr_reference":"29 CFR 1610.19","hierarchy":{"title":"29","subtitle":"B","chapter":"XIV","part":"1610","subpart":"A","section":"1610.19"}}],"corrective_action":"(d) and (e)(1) amended","error_corrected":"2014-07-08","error_occurred":"2013-06-09","fr_citation":"78 FR 36653","position":1,"display_in_toc":false,"title":29,"year":2014,"last_modified":"2021-12-22"},{"id":1539,"cfr_references":[{"cfr_reference":"29 CFR 1614.204","hierarchy":{"title":"29","subtitle":"B","chapter":"XIV","part":"1614","subpart":"B","section":"1614.204"}}],"corrective_action":"(l)(3) amended","error_corrected":"2014-07-08","error_occurred":"2012-09-24","fr_citation":"77 FR 43505","position":2,"display_in_toc":false,"title":29,"year":2014,"last_modified":"2021-12-22"},{"id":1540,"cfr_references":[{"cfr_reference":"29 CFR 1910.97","hierarchy":{"title":"29","subtitle":"B","chapter":"XVII","part":"1910","subpart":"G","section":"1910.97"}}],"corrective_action":"(a)(2)(iii) corrected","error_corrected":"2014-08-05","error_occurred":"2013-07-15","fr_citation":"78 FR 35566","position":3,"display_in_toc":false,"title":29,"year":2014,"last_modified":"2021-12-22"},{"id":1876,"cfr_references":[{"cfr_reference":"29 CFR 1915.1000","hierarchy":{"title":"29","subtitle":"B","chapter":"XVII","part":"1915","subpart":"Z","section":"1915.1000"}}],"corrective_action":"Table Z corrected","error_corrected":"2016-07-15","error_occurred":"2016-05-19","fr_citation":"81 FR 31167","position":1,"display_in_toc":false,"title":29,"year":2016,"last_modified":"2021-12-22"},{"id":1877,"cfr_references":[{"cfr_reference":"29 CFR 1915.1053","hierarchy":{"title":"29","subtitle":"B","chapter":"XVII","part":"1915","subpart":"Z","section":"1915.1053"}}],"corrective_action":"Added","error_corrected":"2016-07-15","error_occurred":"2016-06-23","fr_citation":"81 FR 16879","position":2,"display_in_toc":false,"title":29,"year":2016,"last_modified":"2021-12-22"},{"id":1878,"cfr_references":[{"cfr_reference":"29 CFR Part 2575 Subpart A","hierarchy":{"title":"29","subtitle":"B","chapter":"XXV","subchapter":"G","part":"2575","subpart":"A"}}],"corrective_action":"Authority citation revised","error_corrected":"2016-08-26","error_occurred":"2016-08-01","fr_citation":"81 FR 43454","position":3,"display_in_toc":false,"title":29,"year":2016,"last_modified":"2021-12-22"},{"id":2066,"cfr_references":[{"cfr_reference":"29 CFR Part 102","hierarchy":{"title":"29","subtitle":"B","chapter":"I","part":"102"}}],"corrective_action":"Revised","error_corrected":"2017-03-07","error_occurred":"2017-03-06","fr_citation":"82 FR 11751","position":1,"display_in_toc":false,"title":29,"year":2017,"last_modified":"2021-12-22"},{"id":2067,"cfr_references":[{"cfr_reference":"29 CFR Part 102","hierarchy":{"title":"29","subtitle":"B","chapter":"I","part":"102"}}],"corrective_action":"Revised","error_corrected":"2017-03-07","error_occurred":"2017-03-06","fr_citation":"82 FR 11751","position":2,"display_in_toc":false,"title":29,"year":2017,"last_modified":"2021-12-22"},{"id":2068,"cfr_references":[{"cfr_reference":"29 CFR Part 102","hierarchy":{"title":"29","subtitle":"B","chapter":"I","part":"102"}}],"corrective_action":"Subpt. C redesignated as Subpt. D; new Subpt. C added","error_corrected":"2017-03-07","error_occurred":"2017-03-06","fr_citation":"82 FR 11754","position":3,"display_in_toc":false,"title":29,"year":2017,"last_modified":"2021-12-22"},{"id":2069,"cfr_references":[{"cfr_reference":"29 CFR Part 102","hierarchy":{"title":"29","subtitle":"B","chapter":"I","part":"102"}}],"corrective_action":"Subpt. D redesignated as Subpt. E; new Subpt. D redesignated from Subpt. C","error_corrected":"2017-03-07","error_occurred":"2017-03-06","fr_citation":"82 FR 11754","position":4,"display_in_toc":false,"title":29,"year":2017,"last_modified":"2021-12-22"},{"id":2070,"cfr_references":[{"cfr_reference":"29 CFR Part 102","hierarchy":{"title":"29","subtitle":"B","chapter":"I","part":"102"}}],"corrective_action":"Subpt. E redesignated as Subpt. F; new Subpt. E redesignated from Subpt. D","error_corrected":"2017-03-07","error_occurred":"2017-03-06","fr_citation":"82 FR 11754","position":5,"display_in_toc":false,"title":29,"year":2017,"last_modified":"2021-12-22"},{"id":2071,"cfr_references":[{"cfr_reference":"29 CFR 102.73","hierarchy":{"title":"29","subtitle":"B","chapter":"I","part":"102","subpart":"E","section":"102.73"}}],"corrective_action":"Revised","error_corrected":"2017-03-07","error_occurred":"2017-03-06","fr_citation":"82 FR 11764","position":6,"display_in_toc":false,"title":29,"year":2017,"last_modified":"2021-12-22"},{"id":2072,"cfr_references":[{"cfr_reference":"29 CFR 102.77","hierarchy":{"title":"29","subtitle":"B","chapter":"I","part":"102","subpart":"E","section":"102.77"}}],"corrective_action":"Heading and (b) revised","error_corrected":"2017-03-07","error_occurred":"2017-03-06","fr_citation":"82 FR 11764","position":7,"display_in_toc":false,"title":29,"year":2017,"last_modified":"2021-12-22"},{"id":2073,"cfr_references":[{"cfr_reference":"29 CFR Part 102","hierarchy":{"title":"29","subtitle":"B","chapter":"I","part":"102"}}],"corrective_action":"Subpart F redesignated as Subpt. G; new Subpt. F redesignated from Subpt. D","error_corrected":"2017-03-07","error_occurred":"2017-03-06","fr_citation":"82 FR 11754","position":8,"display_in_toc":false,"title":29,"year":2017,"last_modified":"2021-12-22"},{"id":2074,"cfr_references":[{"cfr_reference":"29 CFR 102.83","hierarchy":{"title":"29","subtitle":"B","chapter":"I","part":"102","subpart":"F","section":"102.83"}}],"corrective_action":"Revised","error_corrected":"2017-03-07","error_occurred":"2017-03-06","fr_citation":"82 FR 11765","position":9,"display_in_toc":false,"title":29,"year":2017,"last_modified":"2021-12-22"},{"id":2075,"cfr_references":[{"cfr_reference":"29 CFR 102.84","hierarchy":{"title":"29","subtitle":"B","chapter":"I","part":"102","subpart":"F","section":"102.84"}}],"corrective_action":"(l) revised","error_corrected":"2017-03-07","error_occurred":"2017-03-06","fr_citation":"82 FR 11765","position":10,"display_in_toc":false,"title":29,"year":2017,"last_modified":"2021-12-22"},{"id":2076,"cfr_references":[{"cfr_reference":"29 CFR 102.85","hierarchy":{"title":"29","subtitle":"B","chapter":"I","part":"102","subpart":"F","section":"102.85"}}],"corrective_action":"Revised","error_corrected":"2017-03-07","error_occurred":"2017-03-06","fr_citation":"82 FR 11765","position":11,"display_in_toc":false,"title":29,"year":2017,"last_modified":"2021-12-22"},{"id":2077,"cfr_references":[{"cfr_reference":"29 CFR Part 102","hierarchy":{"title":"29","subtitle":"B","chapter":"I","part":"102"}}],"corrective_action":"Subpt. G redesignated as Subpt. H; new Subpt. G redesingated from Subpt. F and Revised","error_corrected":"2017-03-07","error_occurred":"2017-03-06","fr_citation":"82 FR 11754","position":12,"display_in_toc":false,"title":29,"year":2017,"last_modified":"2021-12-22"},{"id":2078,"cfr_references":[{"cfr_reference":"29 CFR Part 102","hierarchy":{"title":"29","subtitle":"B","chapter":"I","part":"102"}}],"corrective_action":"Subpt. H redesignated as Subpart I; new Subpt. D redesignated from Subpt. C and revised","error_corrected":"2017-03-07","error_occurred":"2017-03-06","fr_citation":"82 FR 11754","position":13,"display_in_toc":false,"title":29,"year":2017,"last_modified":"2021-12-22"},{"id":2079,"cfr_references":[{"cfr_reference":"29 CFR Part 102","hierarchy":{"title":"29","subtitle":"B","chapter":"I","part":"102"}}],"corrective_action":"Subpt. I removed; new Subpt. I redesignated from Subpt. H ew Subpt. I heading revised","error_corrected":"2017-03-07","error_occurred":"2017-03-06","fr_citation":"82 FR 11754","position":14,"display_in_toc":false,"title":29,"year":2017,"last_modified":"2021-12-22"},{"id":2080,"cfr_references":[{"cfr_reference":"29 CFR 102.99","hierarchy":{"title":"29","subtitle":"B","chapter":"I","part":"102","subpart":"I","section":"102.99"}}],"corrective_action":"Revised","error_corrected":"2017-03-07","error_occurred":"2017-03-06","fr_citation":"82 FR 11767","position":15,"display_in_toc":false,"title":29,"year":2017,"last_modified":"2021-12-22"},{"id":2081,"cfr_references":[{"cfr_reference":"29 CFR Part 102","hierarchy":{"title":"29","subtitle":"B","chapter":"I","part":"102"}}],"corrective_action":"Revised","error_corrected":"2017-03-07","error_occurred":"2017-03-06","fr_citation":"82 FR 11768","position":16,"display_in_toc":false,"title":29,"year":2017,"last_modified":"2021-12-22"},{"id":2082,"cfr_references":[{"cfr_reference":"29 CFR Part 102","hierarchy":{"title":"29","subtitle":"B","chapter":"I","part":"102"}}],"corrective_action":"Revised","error_corrected":"2017-03-07","error_occurred":"2017-03-06","fr_citation":"82 FR 11768","position":17,"display_in_toc":false,"title":29,"year":2017,"last_modified":"2021-12-22"},{"id":2083,"cfr_references":[{"cfr_reference":"29 CFR Part 102","hierarchy":{"title":"29","subtitle":"B","chapter":"I","part":"102"}}],"corrective_action":"Revised","error_corrected":"2017-03-07","error_occurred":"2017-03-06","fr_citation":"82 FR 11768","position":18,"display_in_toc":false,"title":29,"year":2017,"last_modified":"2021-12-22"},{"id":2084,"cfr_references":[{"cfr_reference":"29 CFR Part 102","hierarchy":{"title":"29","subtitle":"B","chapter":"I","part":"102"}}],"corrective_action":"Revised","error_corrected":"2017-03-07","error_occurred":"2017-03-06","fr_citation":"82 FR 11768","position":19,"display_in_toc":false,"title":29,"year":2017,"last_modified":"2021-12-22"},{"id":2085,"cfr_references":[{"cfr_reference":"29 CFR Part 102","hierarchy":{"title":"29","subtitle":"B","chapter":"I","part":"102"}}],"corrective_action":"Removed","error_corrected":"2017-03-07","error_occurred":"2017-03-06","fr_citation":"82 FR 11778","position":20,"display_in_toc":false,"title":29,"year":2017,"last_modified":"2021-12-22"},{"id":2086,"cfr_references":[{"cfr_reference":"29 CFR Part 102","hierarchy":{"title":"29","subtitle":"B","chapter":"I","part":"102"}}],"corrective_action":"Revised","error_corrected":"2017-03-07","error_occurred":"2017-03-06","fr_citation":"82 FR 11778","position":21,"display_in_toc":false,"title":29,"year":2017,"last_modified":"2021-12-22"},{"id":2087,"cfr_references":[{"cfr_reference":"29 CFR 102.126","hierarchy":{"title":"29","subtitle":"B","chapter":"I","part":"102","subpart":"P","section":"102.126"}}],"corrective_action":"Revised","error_corrected":"2017-03-07","error_occurred":"2017-03-06","fr_citation":"82 FR 11778","position":22,"display_in_toc":false,"title":29,"year":2017,"last_modified":"2021-12-22"},{"id":2088,"cfr_references":[{"cfr_reference":"29 CFR 102.127","hierarchy":{"title":"29","subtitle":"B","chapter":"I","part":"102","subpart":"P","section":"102.127"}}],"corrective_action":"(a) revised","error_corrected":"2017-03-07","error_occurred":"2017-03-06","fr_citation":"82 FR 11778","position":23,"display_in_toc":false,"title":29,"year":2017,"last_modified":"2021-12-22"},{"id":2089,"cfr_references":[{"cfr_reference":"29 CFR 102.128","hierarchy":{"title":"29","subtitle":"B","chapter":"I","part":"102","subpart":"P","section":"102.128"}}],"corrective_action":"Revised","error_corrected":"2017-03-07","error_occurred":"2017-03-06","fr_citation":"82 FR 11778","position":24,"display_in_toc":false,"title":29,"year":2017,"last_modified":"2021-12-22"},{"id":2090,"cfr_references":[{"cfr_reference":"29 CFR Part 102","hierarchy":{"title":"29","subtitle":"B","chapter":"I","part":"102"}}],"corrective_action":"Revised","error_corrected":"2017-03-07","error_occurred":"2017-03-06","fr_citation":"82 FR 11779","position":25,"display_in_toc":false,"title":29,"year":2017,"last_modified":"2021-12-22"},{"id":2091,"cfr_references":[{"cfr_reference":"29 CFR Part 102","hierarchy":{"title":"29","subtitle":"B","chapter":"I","part":"102"}}],"corrective_action":"Revised","error_corrected":"2017-03-07","error_occurred":"2017-03-06","fr_citation":"82 FR 11779","position":26,"display_in_toc":false,"title":29,"year":2017,"last_modified":"2021-12-22"},{"id":2092,"cfr_references":[{"cfr_reference":"29 CFR Part 102","hierarchy":{"title":"29","subtitle":"B","chapter":"I","part":"102"}}],"corrective_action":"Revised","error_corrected":"2017-03-07","error_occurred":"2017-03-06","fr_citation":"82 FR 11779","position":27,"display_in_toc":false,"title":29,"year":2017,"last_modified":"2021-12-22"},{"id":2093,"cfr_references":[{"cfr_reference":"29 CFR 102.143","hierarchy":{"title":"29","subtitle":"B","chapter":"I","part":"102","subpart":"T","section":"102.143"}}],"corrective_action":"(a) through (d) and (g) revised","error_corrected":"2017-03-07","error_occurred":"2017-03-06","fr_citation":"82 FR 11781","position":28,"display_in_toc":false,"title":29,"year":2017,"last_modified":"2021-12-22"},{"id":2094,"cfr_references":[{"cfr_reference":"29 CFR 102.145","hierarchy":{"title":"29","subtitle":"B","chapter":"I","part":"102","subpart":"T","section":"102.145"}}],"corrective_action":"(b) and (c) revised","error_corrected":"2017-03-07","error_occurred":"2017-03-06","fr_citation":"82 FR 11782","position":29,"display_in_toc":false,"title":29,"year":2017,"last_modified":"2021-12-22"},{"id":2095,"cfr_references":[{"cfr_reference":"29 CFR 102.146","hierarchy":{"title":"29","subtitle":"B","chapter":"I","part":"102","subpart":"T","section":"102.146"}}],"corrective_action":"Revised","error_corrected":"2017-03-07","error_occurred":"2017-03-06","fr_citation":"82 FR 11782","position":30,"display_in_toc":false,"title":29,"year":2017,"last_modified":"2021-12-22"},{"id":2096,"cfr_references":[{"cfr_reference":"29 CFR 102.147","hierarchy":{"title":"29","subtitle":"B","chapter":"I","part":"102","subpart":"T","section":"102.147"}}],"corrective_action":"(a) through (c) and (e) through (h) revised","error_corrected":"2017-03-07","error_occurred":"2017-03-06","fr_citation":"82 FR 11782","position":31,"display_in_toc":false,"title":29,"year":2017,"last_modified":"2021-12-22"},{"id":2097,"cfr_references":[{"cfr_reference":"29 CFR 102.148","hierarchy":{"title":"29","subtitle":"B","chapter":"I","part":"102","subpart":"T","section":"102.148"}}],"corrective_action":"Revised","error_corrected":"2017-03-07","error_occurred":"2017-03-06","fr_citation":"82 FR 11783","position":32,"display_in_toc":false,"title":29,"year":2017,"last_modified":"2021-12-22"},{"id":2098,"cfr_references":[{"cfr_reference":"29 CFR 102.156","hierarchy":{"title":"29","subtitle":"B","chapter":"I","part":"102","subpart":"U","section":"102.156"}}],"corrective_action":"Revised","error_corrected":"2017-03-07","error_occurred":"2017-03-06","fr_citation":"82 FR 11784","position":33,"display_in_toc":false,"title":29,"year":2017,"last_modified":"2021-12-22"},{"id":2099,"cfr_references":[{"cfr_reference":"29 CFR 102.157","hierarchy":{"title":"29","subtitle":"B","chapter":"I","part":"102","subpart":"U","section":"102.157"}}],"corrective_action":"(e) revised","error_corrected":"2017-03-07","error_occurred":"2017-03-06","fr_citation":"82 FR 11784","position":34,"display_in_toc":false,"title":29,"year":2017,"last_modified":"2021-12-22"},{"id":2100,"cfr_references":[{"cfr_reference":"29 CFR 102.159","hierarchy":{"title":"29","subtitle":"B","chapter":"I","part":"102","subpart":"U","section":"102.159"}}],"corrective_action":"Revised","error_corrected":"2017-03-07","error_occurred":"2017-03-06","fr_citation":"82 FR 11784","position":35,"display_in_toc":false,"title":29,"year":2017,"last_modified":"2021-12-22"},{"id":2101,"cfr_references":[{"cfr_reference":"29 CFR 102.160","hierarchy":{"title":"29","subtitle":"B","chapter":"I","part":"102","subpart":"U","section":"102.160"}}],"corrective_action":"(a) and (d) revised","error_corrected":"2017-03-07","error_occurred":"2017-03-06","fr_citation":"82 FR 11784","position":36,"display_in_toc":false,"title":29,"year":2017,"last_modified":"2021-12-22"},{"id":2102,"cfr_references":[{"cfr_reference":"29 CFR 102.161","hierarchy":{"title":"29","subtitle":"B","chapter":"I","part":"102","subpart":"U","section":"102.161"}}],"corrective_action":"Revised","error_corrected":"2017-03-07","error_occurred":"2017-03-06","fr_citation":"82 FR 11784","position":37,"display_in_toc":false,"title":29,"year":2017,"last_modified":"2021-12-22"},{"id":2103,"cfr_references":[{"cfr_reference":"29 CFR 102.163","hierarchy":{"title":"29","subtitle":"B","chapter":"I","part":"102","subpart":"U","section":"102.163"}}],"corrective_action":"Revised","error_corrected":"2017-03-07","error_occurred":"2017-03-06","fr_citation":"82 FR 11785","position":38,"display_in_toc":false,"title":29,"year":2017,"last_modified":"2021-12-22"},{"id":2104,"cfr_references":[{"cfr_reference":"29 CFR 102.164","hierarchy":{"title":"29","subtitle":"B","chapter":"I","part":"102","subpart":"U","section":"102.164"}}],"corrective_action":"(e) revised","error_corrected":"2017-03-07","error_occurred":"2017-03-06","fr_citation":"82 FR 11785","position":39,"display_in_toc":false,"title":29,"year":2017,"last_modified":"2021-12-22"},{"id":2105,"cfr_references":[{"cfr_reference":"29 CFR 102.168","hierarchy":{"title":"29","subtitle":"B","chapter":"I","part":"102","subpart":"V","section":"102.168"}}],"corrective_action":"Revised","error_corrected":"2017-03-07","error_occurred":"2017-03-06","fr_citation":"82 FR 11785","position":40,"display_in_toc":false,"title":29,"year":2017,"last_modified":"2021-12-22"},{"id":2106,"cfr_references":[{"cfr_reference":"29 CFR 102.169","hierarchy":{"title":"29","subtitle":"B","chapter":"I","part":"102","subpart":"V","section":"102.169"}}],"corrective_action":"(a) and (b) revised","error_corrected":"2017-03-07","error_occurred":"2017-03-06","fr_citation":"82 FR 11785","position":41,"display_in_toc":false,"title":29,"year":2017,"last_modified":"2021-12-22"},{"id":2107,"cfr_references":[{"cfr_reference":"29 CFR 102.170","hierarchy":{"title":"29","subtitle":"B","chapter":"I","part":"102","subpart":"V","section":"102.170"}}],"corrective_action":"(a)(3),(b),(c), and (d) revised","error_corrected":"2017-03-07","error_occurred":"2017-03-06","fr_citation":"82 FR 11785","position":42,"display_in_toc":false,"title":29,"year":2017,"last_modified":"2021-12-22"},{"id":2108,"cfr_references":[{"cfr_reference":"29 CFR 102.173","hierarchy":{"title":"29","subtitle":"B","chapter":"I","part":"102","subpart":"V","section":"102.173"}}],"corrective_action":"(a) revised","error_corrected":"2017-03-07","error_occurred":"2017-03-06","fr_citation":"82 FR 11785","position":43,"display_in_toc":false,"title":29,"year":2017,"last_modified":"2021-12-22"},{"id":2109,"cfr_references":[{"cfr_reference":"29 CFR 102.174","hierarchy":{"title":"29","subtitle":"B","chapter":"I","part":"102","subpart":"V","section":"102.174"}}],"corrective_action":"(a), (b) introductory text, (2) and (d) revised","error_corrected":"2017-03-07","error_occurred":"2017-03-06","fr_citation":"82 FR 11785","position":44,"display_in_toc":false,"title":29,"year":2017,"last_modified":"2021-12-22"},{"id":2110,"cfr_references":[{"cfr_reference":"29 CFR 102.175","hierarchy":{"title":"29","subtitle":"B","chapter":"I","part":"102","subpart":"V","section":"102.175"}}],"corrective_action":"Revised","error_corrected":"2017-03-07","error_occurred":"2017-03-06","fr_citation":"82 FR 11785","position":45,"display_in_toc":false,"title":29,"year":2017,"last_modified":"2021-12-22"},{"id":2111,"cfr_references":[{"cfr_reference":"29 CFR 102.176","hierarchy":{"title":"29","subtitle":"B","chapter":"I","part":"102","subpart":"V","section":"102.176"}}],"corrective_action":"Removed","error_corrected":"2017-03-07","error_occurred":"2017-03-06","fr_citation":"82 FR 11785","position":46,"display_in_toc":false,"title":29,"year":2017,"last_modified":"2021-12-22"},{"id":2112,"cfr_references":[{"cfr_reference":"29 CFR Part 102","hierarchy":{"title":"29","subtitle":"B","chapter":"I","part":"102"}}],"corrective_action":"Revised","error_corrected":"2017-03-07","error_occurred":"2017-03-06","fr_citation":"82 FR 11785","position":47,"display_in_toc":false,"title":29,"year":2017,"last_modified":"2021-12-22"},{"id":2113,"cfr_references":[{"cfr_reference":"29 CFR 102.179","hierarchy":{"title":"29","subtitle":"B","chapter":"I","part":"102","subpart":"X","section":"102.179"}}],"corrective_action":"Revised","error_corrected":"2017-03-07","error_occurred":"2017-03-06","fr_citation":"82 FR 11786","position":48,"display_in_toc":false,"title":29,"year":2017,"last_modified":"2021-12-22"},{"id":2114,"cfr_references":[{"cfr_reference":"29 CFR Part 102","hierarchy":{"title":"29","subtitle":"B","chapter":"I","part":"102"}}],"corrective_action":"Removed","error_corrected":"2017-03-07","error_occurred":"2017-03-06","fr_citation":"82 FR 11787","position":49,"display_in_toc":false,"title":29,"year":2017,"last_modified":"2021-12-22"},{"id":2115,"cfr_references":[{"cfr_reference":"29 CFR Part 1910","hierarchy":{"title":"29","subtitle":"B","chapter":"XVII","part":"1910"}}],"corrective_action":"Authoriy citation revised, 1910.1000 and 1910.1024 amended","error_corrected":"2017-05-30","error_occurred":"2017-05-20","fr_citation":"82 FR 2735","position":50,"display_in_toc":false,"title":29,"year":2017,"last_modified":"2021-12-22"},{"id":2116,"cfr_references":[{"cfr_reference":"29 CFR Part 2575","hierarchy":{"title":"29","subtitle":"B","chapter":"XXV","subchapter":"G","part":"2575"}}],"corrective_action":"Authority citation corrected; Subpart A authority citation restored","error_corrected":"2017-06-16","error_occurred":"2016-08-01","fr_citation":"81 FR 43454","position":51,"display_in_toc":false,"title":29,"year":2017,"last_modified":"2021-12-22"},{"id":2117,"cfr_references":[{"cfr_reference":"29 CFR Part 4044","hierarchy":{"title":"29","subtitle":"B","chapter":"XL","subchapter":"E","part":"4044"}}],"corrective_action":"Appendix B amended","error_corrected":"2017-04-03","error_occurred":"2017-01-01","fr_citation":"82 FR 93600","position":52,"display_in_toc":false,"title":29,"year":2017,"last_modified":"2021-12-22"},{"id":2371,"cfr_references":[{"cfr_reference":"29 CFR Part 1910","hierarchy":{"title":"29","subtitle":"B","chapter":"XVII","part":"1910"}}],"corrective_action":"Nomenclature changes","error_corrected":"2019-07-31","error_occurred":"2019-07-15","fr_citation":"84 FR 21597","position":1,"display_in_toc":false,"title":29,"year":2019,"last_modified":"2021-12-22"},{"id":2372,"cfr_references":[{"cfr_reference":"29 CFR 1910.1001","hierarchy":{"title":"29","subtitle":"B","chapter":"XVII","part":"1910","subpart":"Z","section":"1910.1001"}}],"corrective_action":"Table 1 to 1910.1001, correctly revised","error_corrected":"2019-07-31","error_occurred":"2019-07-15","fr_citation":"84 FR 21458","position":2,"display_in_toc":false,"title":29,"year":2019,"last_modified":"2021-12-22"},{"id":2373,"cfr_references":[{"cfr_reference":"29 CFR 1910.1018","hierarchy":{"title":"29","subtitle":"B","chapter":"XVII","part":"1910","subpart":"Z","section":"1910.1018"}}],"corrective_action":"Appendix C, old Section I removed","error_corrected":"2019-07-31","error_occurred":"2019-07-15","fr_citation":"84 FR 21476","position":3,"display_in_toc":false,"title":29,"year":2019,"last_modified":"2021-12-22"},{"id":2374,"cfr_references":[{"cfr_reference":"29 CFR 1910.1027","hierarchy":{"title":"29","subtitle":"B","chapter":"XVII","part":"1910","subpart":"Z","section":"1910.1027"}}],"corrective_action":"Old Appendix D, removed","error_corrected":"2019-07-31","error_occurred":"2019-07-15","fr_citation":"84 FR 21477","position":4,"display_in_toc":false,"title":29,"year":2019,"last_modified":"2021-12-22"},{"id":2375,"cfr_references":[{"cfr_reference":"29 CFR 1910.1043","hierarchy":{"title":"29","subtitle":"B","chapter":"XVII","part":"1910","subpart":"Z","section":"1910.1043"}}],"corrective_action":"Appendix B-I, B-II, B-III; Appendix D, revised","error_corrected":"2019-07-31","error_occurred":"2019-07-15","fr_citation":"84 FR 21490","position":5,"display_in_toc":false,"title":29,"year":2019,"last_modified":"2021-12-22"},{"id":2376,"cfr_references":[{"cfr_reference":"29 CFR 1910.1045","hierarchy":{"title":"29","subtitle":"B","chapter":"XVII","part":"1910","subpart":"Z","section":"1910.1045"}}],"corrective_action":"Paragraphs (n)(2)(ii); n)(3)(i), revised","error_corrected":"2019-07-31","error_occurred":"2019-07-15","fr_citation":"84 FR 21518","position":6,"display_in_toc":false,"title":29,"year":2019,"last_modified":"2021-12-22"},{"id":2610,"cfr_references":[{"cfr_reference":"29 CFR 102.2","hierarchy":{"title":"29","subtitle":"B","chapter":"I","part":"102","subpart":"B","section":"102.2"}}],"corrective_action":"(a) reinstated","error_corrected":"2020-08-19","error_occurred":"2020-05-31","fr_citation":"84 FR 69588","position":1,"display_in_toc":false,"title":29,"year":2020,"last_modified":"2021-12-22"},{"id":2611,"cfr_references":[{"cfr_reference":"29 CFR 548.1","hierarchy":{"title":"29","subtitle":"B","chapter":"V","subchapter":"A","part":"548","subpart":"A","section":"548.1"}}],"corrective_action":"Add sentence deleted by mistake","error_corrected":"2020-08-20","error_occurred":"2020-01-15","fr_citation":"84 FR 68769","position":2,"display_in_toc":false,"title":29,"year":2020,"last_modified":"2021-12-22"},{"id":2612,"cfr_references":[{"cfr_reference":"29 CFR 826.50","hierarchy":{"title":"29","subtitle":"B","chapter":"V","subchapter":"C","part":"826","section":"826.50"}}],"corrective_action":"(a) through (c) reinstated","error_corrected":"2020-04-21","error_occurred":"2020-04-10","fr_citation":"85 FR 21057","position":3,"display_in_toc":false,"title":29,"year":2020,"last_modified":"2021-12-22"},{"id":2613,"cfr_references":[{"cfr_reference":"29 CFR 4043.27","hierarchy":{"title":"29","subtitle":"B","chapter":"XL","subchapter":"E","part":"4043","subpart":"B","section":"4043.27"}}],"corrective_action":"(d)(3) revised","error_corrected":"2020-06-24","error_occurred":"2020-03-05","fr_citation":"85 FR 6062","position":4,"display_in_toc":false,"title":29,"year":2020,"last_modified":"2021-12-22"},{"id":3683,"cfr_references":[{"cfr_reference":"29 CFR 10.28","hierarchy":{"title":"29","subtitle":"A","part":"10","subpart":"C","section":"10.28"}}],"corrective_action":"Revise 10.28(c), (e) and (f)","error_corrected":"2021-12-03","error_occurred":"2021-04-30","fr_citation":"85 FR 86788","position":1,"display_in_toc":false,"title":29,"year":2021,"last_modified":"2021-12-22"},{"id":3688,"cfr_references":[{"cfr_reference":"29 CFR 501.19","hierarchy":{"title":"29","subtitle":"B","chapter":"V","subchapter":"A","part":"501","subpart":"B","section":"501.19"}}],"corrective_action":"(c)(1) amended","error_corrected":"2021-12-20","error_occurred":"2021-01-15","fr_citation":"86 FR 2968","position":2,"display_in_toc":false,"title":29,"year":2021,"last_modified":"2021-12-22"},{"id":3684,"cfr_references":[{"cfr_reference":"29 CFR 531.56","hierarchy":{"title":"29","subtitle":"B","chapter":"V","subchapter":"A","part":"531","subpart":"D","section":"531.56"}}],"corrective_action":"Amend 531.56(a) and revise 531.56 (c) and (d).","error_corrected":"2021-12-03","error_occurred":"2021-04-30","fr_citation":"85 FR 86790","position":3,"display_in_toc":false,"title":29,"year":2021,"last_modified":"2021-12-22"},{"id":3573,"cfr_references":[{"cfr_reference":"29 CFR Part 1601","hierarchy":{"title":"29","subtitle":"B","chapter":"XIV","part":"1601"}}],"corrective_action":"Authority citation revised","error_corrected":"2021-08-13","error_occurred":"2021-05-26","fr_citation":"86 FR 28264","position":4,"display_in_toc":false,"title":29,"year":2021,"last_modified":"2021-12-22"},{"id":3574,"cfr_references":[{"cfr_reference":"29 CFR 1601.3","hierarchy":{"title":"29","subtitle":"B","chapter":"XIV","part":"1601","subpart":"A","section":"1601.3"}}],"corrective_action":"(c) reinstated","error_corrected":"2021-09-08","error_occurred":"2020-11-16","fr_citation":"85 FR 65218","position":5,"display_in_toc":false,"title":29,"year":2021,"last_modified":"2021-12-22"},{"id":3575,"cfr_references":[{"cfr_reference":"29 CFR 1601.18","hierarchy":{"title":"29","subtitle":"B","chapter":"XIV","part":"1601","subpart":"B","subject_group":"ECFRedb5c7583ebaec0","section":"1601.18"}}],"corrective_action":"(b) corrected","error_corrected":"2021-09-08","error_occurred":"2020-11-16","fr_citation":"85 FR 65218","position":6,"display_in_toc":false,"title":29,"year":2021,"last_modified":"2021-12-22"},{"id":3576,"cfr_references":[{"cfr_reference":"29 CFR 1601.20","hierarchy":{"title":"29","subtitle":"B","chapter":"XIV","part":"1601","subpart":"B","subject_group":"ECFRedb5c7583ebaec0","section":"1601.20"}}],"corrective_action":"(c) corrected","error_corrected":"2021-09-08","error_occurred":"2020-11-16","fr_citation":"85 FR 65220","position":7,"display_in_toc":false,"title":29,"year":2021,"last_modified":"2021-12-22"},{"id":3577,"cfr_references":[{"cfr_reference":"29 CFR 1601.30","hierarchy":{"title":"29","subtitle":"B","chapter":"XIV","part":"1601","subpart":"C","section":"1601.30"}}],"corrective_action":"(b) revised","error_corrected":"2021-08-13","error_occurred":"2021-05-26","fr_citation":"86 FR 28264","position":8,"display_in_toc":false,"title":29,"year":2021,"last_modified":"2021-12-22"},{"id":3578,"cfr_references":[{"cfr_reference":"29 CFR 1910.1024","hierarchy":{"title":"29","subtitle":"B","chapter":"XVII","part":"1910","subpart":"Z","section":"1910.1024"}}],"corrective_action":"(b) amended; Definition of \"CBD diagnostic center\" added","error_corrected":"2021-01-15","error_occurred":"2020-09-14","fr_citation":"85 FR 42625","position":9,"display_in_toc":false,"title":29,"year":2021,"last_modified":"2021-12-22"},{"id":3579,"cfr_references":[{"cfr_reference":"29 CFR 1910.1024","hierarchy":{"title":"29","subtitle":"B","chapter":"XVII","part":"1910","subpart":"Z","section":"1910.1024"}}],"corrective_action":"(f)(1)(ii)(C) restored","error_corrected":"2021-01-15","error_occurred":"2020-09-14","fr_citation":"85 FR 42625","position":10,"display_in_toc":false,"title":29,"year":2021,"last_modified":"2021-12-22"},{"id":3580,"cfr_references":[{"cfr_reference":"29 CFR 1910.1024","hierarchy":{"title":"29","subtitle":"B","chapter":"XVII","part":"1910","subpart":"Z","section":"1910.1024"}}],"corrective_action":"(h)(2)(iii) restored","error_corrected":"2021-01-15","error_occurred":"2020-09-14","fr_citation":"85 FR 42625","position":11,"display_in_toc":false,"title":29,"year":2021,"last_modified":"2021-12-22"},{"id":3581,"cfr_references":[{"cfr_reference":"29 CFR 1910.1024","hierarchy":{"title":"29","subtitle":"B","chapter":"XVII","part":"1910","subpart":"Z","section":"1910.1024"}}],"corrective_action":"(h)(3)(iii) revised","error_corrected":"2021-01-15","error_occurred":"2020-09-14","fr_citation":"85 FR 42625","position":12,"display_in_toc":false,"title":29,"year":2021,"last_modified":"2021-12-22"},{"id":3582,"cfr_references":[{"cfr_reference":"29 CFR 1915.1024","hierarchy":{"title":"29","subtitle":"B","chapter":"XVII","part":"1915","subpart":"Z","section":"1915.1024"}}],"corrective_action":"(f)(1)(iii)(B) removed","error_corrected":"2021-01-15","error_occurred":"2020-09-30","fr_citation":"85 FR 53996","position":13,"display_in_toc":false,"title":29,"year":2021,"last_modified":"2021-12-22"},{"id":3583,"cfr_references":[{"cfr_reference":"29 CFR 1915.1024","hierarchy":{"title":"29","subtitle":"B","chapter":"XVII","part":"1915","subpart":"Z","section":"1915.1024"}}],"corrective_action":"(k)(7)(ii) revised","error_corrected":"2021-07-29","error_occurred":"2021-02-24","fr_citation":"86 FR 11119","position":14,"display_in_toc":false,"title":29,"year":2021,"last_modified":"2021-12-22"},{"id":3719,"cfr_references":[{"cfr_reference":"29 CFR 578.3","hierarchy":{"title":"29","subtitle":"B","chapter":"V","subchapter":"A","part":"578","section":"578.3"}}],"corrective_action":"Restored","error_corrected":"2022-03-17","error_occurred":"2022-01-03","fr_citation":"86 FR 52973","position":1,"display_in_toc":false,"title":29,"year":2022,"last_modified":"2022-03-18"},{"id":3720,"cfr_references":[{"cfr_reference":"29 CFR 578.4","hierarchy":{"title":"29","subtitle":"B","chapter":"V","subchapter":"A","part":"578","section":"578.4"}}],"corrective_action":"(a) restored","error_corrected":"2022-03-17","error_occurred":"2022-01-03","fr_citation":"86 FR 52973","position":2,"display_in_toc":true,"title":29,"year":2022,"last_modified":"2022-03-18"},{"id":3721,"cfr_references":[{"cfr_reference":"29 CFR 579.1","hierarchy":{"title":"29","subtitle":"B","chapter":"V","subchapter":"A","part":"579","section":"579.1"}}],"corrective_action":"(a) introductory text restored, (a)(2)(i) redesignated as (a)(2), and (a)(2)(ii) removed","error_corrected":"2022-03-17","error_occurred":"2022-01-03","fr_citation":"86 FR 52973","position":3,"display_in_toc":true,"title":29,"year":2022,"last_modified":"2022-03-18"},{"id":3722,"cfr_references":[{"cfr_reference":"29 CFR 579.2","hierarchy":{"title":"29","subtitle":"B","chapter":"V","subchapter":"A","part":"579","section":"579.2"}}],"corrective_action":"Definition restored","error_corrected":"2022-03-17","error_occurred":"2022-01-03","fr_citation":"86 FR 52973","position":4,"display_in_toc":true,"title":29,"year":2022,"last_modified":"2022-03-18"},{"id":3723,"cfr_references":[{"cfr_reference":"29 CFR 580.2","hierarchy":{"title":"29","subtitle":"B","chapter":"V","subchapter":"A","part":"580","section":"580.2"}}],"corrective_action":"First sentence restored","error_corrected":"2022-03-17","error_occurred":"2022-01-03","fr_citation":"86 FR 52973","position":5,"display_in_toc":true,"title":29,"year":2022,"last_modified":"2022-03-18"},{"id":3724,"cfr_references":[{"cfr_reference":"29 CFR 580.3","hierarchy":{"title":"29","subtitle":"B","chapter":"V","subchapter":"A","part":"580","section":"580.3"}}],"corrective_action":"First sentence restored","error_corrected":"2022-03-17","error_occurred":"2022-01-03","fr_citation":"86 FR 52973","position":6,"display_in_toc":true,"title":29,"year":2022,"last_modified":"2022-03-18"},{"id":3725,"cfr_references":[{"cfr_reference":"29 CFR 580.12","hierarchy":{"title":"29","subtitle":"B","chapter":"V","subchapter":"A","part":"580","subject_group":"ECFRc23aeee57ab4adc","section":"580.12"}}],"corrective_action":"First sentence restored","error_corrected":"2022-03-17","error_occurred":"2022-01-03","fr_citation":"86 FR 52973","position":7,"display_in_toc":true,"title":29,"year":2022,"last_modified":"2022-03-18"},{"id":3726,"cfr_references":[{"cfr_reference":"29 CFR 580.18","hierarchy":{"title":"29","subtitle":"B","chapter":"V","subchapter":"A","part":"580","subject_group":"ECFRc23aeee57ab4adc","section":"580.18"}}],"corrective_action":"(b)(3) third sentence restored","error_corrected":"2022-03-17","error_occurred":"2022-01-03","fr_citation":"86 FR 52973","position":8,"display_in_toc":true,"title":29,"year":2022,"last_modified":"2022-03-18"},{"id":3714,"cfr_references":[{"cfr_reference":"29 CFR Part 1601","hierarchy":{"title":"29","subtitle":"B","chapter":"XIV","part":"1601"}}],"corrective_action":"  Authority citation reinstated                      ","error_corrected":"2022-02-16","error_occurred":"2021-05-26","fr_citation":"86 FR 28264","position":9,"display_in_toc":false,"title":29,"year":2022,"last_modified":"2022-03-18"},{"id":3963,"cfr_references":[{"cfr_reference":"29 CFR 102.62","hierarchy":{"title":"29","subtitle":"B","chapter":"I","part":"102","subpart":"D","section":"102.62"}}],"corrective_action":"(d) revised","error_corrected":"2023-08-17","error_occurred":"2023-03-10","fr_citation":"88 FR 14911","position":1,"display_in_toc":false,"title":29,"year":2023,"last_modified":"2023-08-18"},{"id":3964,"cfr_references":[{"cfr_reference":"29 CFR 102.67","hierarchy":{"title":"29","subtitle":"B","chapter":"I","part":"102","subpart":"D","section":"102.67"}}],"corrective_action":"(c), (h), (i)(3) and (l) revised","error_corrected":"2023-08-17","error_occurred":"2023-03-10","fr_citation":"88 FR 14912","position":2,"display_in_toc":false,"title":29,"year":2023,"last_modified":"2023-08-18"},{"id":3965,"cfr_references":[{"cfr_reference":"29 CFR 102.69","hierarchy":{"title":"29","subtitle":"B","chapter":"I","part":"102","subpart":"D","section":"102.69"}}],"corrective_action":"(a)(5), (b), (c)(1)(i), (iii), (2), (h) revised","error_corrected":"2023-08-17","error_occurred":"2023-03-10","fr_citation":"88 FR 14912","position":3,"display_in_toc":false,"title":29,"year":2023,"last_modified":"2023-08-18"},{"id":3978,"cfr_references":[{"cfr_reference":"29 CFR 102.69","hierarchy":{"title":"29","subtitle":"B","chapter":"I","part":"102","subpart":"D","section":"102.69"}}],"corrective_action":"(c)(1)(iii) and (2) revised","error_corrected":"2023-08-25","error_occurred":"2023-03-10","fr_citation":"87 FR 65498","position":4,"display_in_toc":false,"title":29,"year":2023,"last_modified":"2023-08-28"},{"id":4045,"cfr_references":[{"cfr_reference":"29 CFR 501.19","hierarchy":{"title":"29","subtitle":"B","chapter":"V","subchapter":"A","part":"501","subpart":"B","section":"501.19"}}],"corrective_action":"(c) intro text amended","error_corrected":"2024-02-05","error_occurred":"2024-01-15","fr_citation":"89 FR 1815","position":1,"display_in_toc":false,"title":29,"year":2024,"last_modified":"2024-02-06"},{"id":4069,"cfr_references":[{"cfr_reference":"29 CFR 570.140","hierarchy":{"title":"29","subtitle":"B","chapter":"V","subchapter":"A","part":"570","subpart":"G","subject_group":"ECFR16e9f6149289dcf","section":"570.140"}}],"corrective_action":"(b)(2) amended","error_corrected":"2024-03-20","error_occurred":"2024-01-15","fr_citation":"89 FR 1816","position":2,"display_in_toc":false,"title":29,"year":2024,"last_modified":"2024-03-21"},{"id":4251,"cfr_references":[{"cfr_reference":"29 CFR 4044.53","hierarchy":{"title":"29","part":"4044","appendix":"4044.53"}}],"corrective_action":"Undesignated text removed from end","error_corrected":"2024-12-19","error_occurred":"2024-07-08","fr_citation":"89 FR 48300","position":3,"display_in_toc":false,"title":29,"year":2024,"last_modified":"2024-12-20"}]}