{"ecfr_corrections":[{"id":9,"cfr_references":[{"cfr_reference":"17 CFR 420.3","hierarchy":{"title":"17","chapter":"IV","subchapter":"A","part":"420","section":"420.3"}}],"corrective_action":"(c)(1)–(3) revised","error_corrected":"2005-12-12","error_occurred":"2002-12-18","fr_citation":"67 FR 77415","position":1,"display_in_toc":false,"title":17,"year":2005,"last_modified":"2021-12-22"},{"id":116,"cfr_references":[{"cfr_reference":"17 CFR 230.252","hierarchy":{"title":"17","chapter":"II","part":"230","subject_group":"ECFR68d879261fb42fb","section":"230.252"}}],"corrective_action":"(h)(1) amended","error_corrected":"2006-02-14","error_occurred":"1996-12-20","fr_citation":"61 FR 67200","position":1,"display_in_toc":false,"title":17,"year":2006,"last_modified":"2021-12-22"},{"id":117,"cfr_references":[{"cfr_reference":"17 CFR 240.12d2-2","hierarchy":{"title":"17","chapter":"II","part":"240","subject_group":"ECFRc21c83b5a1cac03","section":"240.12d2-2"}}],"corrective_action":"(a) introductory text and (4), (b) through (e) revised, (f) removed,\r\n        and note added","error_corrected":"2006-03-09","error_occurred":"2005-08-22","fr_citation":"70 FR 42468","position":2,"display_in_toc":false,"title":17,"year":2006,"last_modified":"2021-12-22"},{"id":118,"cfr_references":[{"cfr_reference":"17 CFR 240.14a-101","hierarchy":{"title":"17","chapter":"II","part":"240","section":"240.14a-101"}}],"corrective_action":"(c) added","error_corrected":"2006-01-26","error_occurred":"2002-01-02","fr_citation":"67 FR 247","position":3,"display_in_toc":false,"title":17,"year":2006,"last_modified":"2021-12-22"},{"id":119,"cfr_references":[{"cfr_reference":"17 CFR 240.16a-8","hierarchy":{"title":"17","chapter":"II","part":"240","subject_group":"ECFR4594b28bbb3a5d5","section":"240.16a-8"}}],"corrective_action":"(a)(1) revised","error_corrected":"2006-01-26","error_occurred":"1996-06-14","fr_citation":"61 FR 30392","position":4,"display_in_toc":false,"title":17,"year":2006,"last_modified":"2021-12-22"},{"id":120,"cfr_references":[{"cfr_reference":"17 CFR 240.19d-1","hierarchy":{"title":"17","chapter":"II","part":"240","subject_group":"ECFRb252d14335b2315","section":"240.19d-1"}}],"corrective_action":"(j) and (k) added","error_corrected":"2006-03-09","error_occurred":"2005-08-22","fr_citation":"70 FR 42469","position":5,"display_in_toc":false,"title":17,"year":2006,"last_modified":"2021-12-22"},{"id":121,"cfr_references":[{"cfr_reference":"17 CFR 240.16b-3","hierarchy":{"title":"17","chapter":"II","part":"240","subject_group":"ECFRc96807fa2565b1d","section":"240.16b-3"}}],"corrective_action":"(f) reinstated","error_corrected":"2006-03-09","error_occurred":"1996-08-15","fr_citation":"61 FR 30393","position":6,"display_in_toc":false,"title":17,"year":2006,"last_modified":"2021-12-22"},{"id":122,"cfr_references":[{"cfr_reference":"17 CFR 249.25","hierarchy":{"title":"17","chapter":"II","part":"249","subpart":"A","section":"249.25"}}],"corrective_action":"Revised","error_corrected":"2006-03-09","error_occurred":"2005-08-22","fr_citation":"70 FR 42469","position":7,"display_in_toc":false,"title":17,"year":2006,"last_modified":"2021-12-22"},{"id":260,"cfr_references":[{"cfr_reference":"17 CFR 200.30-3","hierarchy":{"title":"17","chapter":"II","part":"200","subpart":"A","subject_group":"ECFR2584461acf9730e","section":"200.30-3"}}],"corrective_action":"(a)(59) amended","error_corrected":"2007-03-23","error_occurred":"2007-01-11","fr_citation":"72 FR 1283","position":1,"display_in_toc":false,"title":17,"year":2007,"last_modified":"2021-12-22"},{"id":404,"cfr_references":[{"cfr_reference":"17 CFR Part 228","hierarchy":{"title":"17","chapter":"II","part":"228"}}],"corrective_action":"Reinstated","error_corrected":"2008-02-08","error_occurred":"2008-02-04","fr_citation":"73 FR 956","position":1,"display_in_toc":false,"title":17,"year":2008,"last_modified":"2021-12-22"},{"id":405,"cfr_references":[{"cfr_reference":"17 CFR 229.601","hierarchy":{"title":"17","chapter":"II","part":"229","subpart":"229.600","section":"229.601"}}],"corrective_action":"Exhibit table revised","error_corrected":"2008-03-11","error_occurred":"2008-02-05","fr_citation":"73 FR 965","position":2,"display_in_toc":false,"title":17,"year":2008,"last_modified":"2021-12-22"},{"id":406,"cfr_references":[{"cfr_reference":"17 CFR 232.202","hierarchy":{"title":"17","chapter":"II","part":"232","subject_group":"ECFRaedbc38c7a0751f","section":"232.202"}}],"corrective_action":"(a) introductory text revised","error_corrected":"2008-09-24","error_occurred":"2008-09-15","fr_citation":"73 FR 10616","position":3,"display_in_toc":false,"title":17,"year":2008,"last_modified":"2021-12-22"},{"id":407,"cfr_references":[{"cfr_reference":"17 CFR 240.14d-101","hierarchy":{"title":"17","chapter":"II","part":"240","section":"240.14d-101"}}],"corrective_action":"Amended","error_corrected":"2008-04-24","error_occurred":"2008-04-01","fr_citation":"73 FR 17814","position":4,"display_in_toc":false,"title":17,"year":2008,"last_modified":"2021-12-22"},{"id":408,"cfr_references":[{"cfr_reference":"17 CFR 240.14d-102","hierarchy":{"title":"17","chapter":"II","part":"240","section":"240.14d-102"}}],"corrective_action":"Amended","error_corrected":"2008-04-24","error_occurred":"2008-04-01","fr_citation":"73 FR 17814","position":5,"display_in_toc":false,"title":17,"year":2008,"last_modified":"2021-12-22"},{"id":409,"cfr_references":[{"cfr_reference":"17 CFR 269.01","hierarchy":{"title":"17","section":"269.01"}}],"corrective_action":"(b) amended","error_corrected":"2008-04-24","error_occurred":"2008-02-04","fr_citation":"73 FR 983","position":6,"display_in_toc":false,"title":17,"year":2008,"last_modified":"2021-12-22"},{"id":410,"cfr_references":[{"cfr_reference":"17 CFR Part 271","hierarchy":{"title":"17","chapter":"II","part":"271"}}],"corrective_action":"Amended","error_corrected":"2008-08-08","error_occurred":"2008-08-07","fr_citation":"73 FR 45874","position":7,"display_in_toc":false,"title":17,"year":2008,"last_modified":"2021-12-22"},{"id":642,"cfr_references":[{"cfr_reference":"17 CFR 240.17a-7","hierarchy":{"title":"17","chapter":"II","part":"240","subject_group":"ECFR17722751b422db3","section":"240.17a-7"}}],"corrective_action":"(b)(1) amended","error_corrected":"2009-05-13","error_occurred":"2008-06-05","fr_citation":"73 FR 32228","position":1,"display_in_toc":false,"title":17,"year":2009,"last_modified":"2021-12-22"},{"id":643,"cfr_references":[{"cfr_reference":"17 CFR Part 241","hierarchy":{"title":"17","chapter":"II","part":"241"}}],"corrective_action":"Corrected","error_corrected":"2009-05-13","error_occurred":"2008-07-11","fr_citation":"73 FR 40152","position":2,"display_in_toc":false,"title":17,"year":2009,"last_modified":"2021-12-22"},{"id":644,"cfr_references":[{"cfr_reference":"17 CFR 274.0-1","hierarchy":{"title":"17","chapter":"II","part":"274","section":"274.0-1"}}],"corrective_action":"(b) amended","error_corrected":"2009-05-13","error_occurred":"2008-06-05","fr_citation":"73 FR 32228","position":3,"display_in_toc":false,"title":17,"year":2009,"last_modified":"2021-12-22"},{"id":835,"cfr_references":[{"cfr_reference":"17 CFR 240.14a-16","hierarchy":{"title":"17","chapter":"II","part":"240","section":"240.14a-16"}}],"corrective_action":"Second (d)(6), (7), and (8) redesignated as (d)(9), (10), and (11)","error_corrected":"2010-05-13","error_occurred":"2010-03-29","fr_citation":"75 FR 9081","position":1,"display_in_toc":false,"title":17,"year":2010,"last_modified":"2021-12-22"},{"id":984,"cfr_references":[{"cfr_reference":"17 CFR 4.34","hierarchy":{"title":"17","chapter":"I","part":"4","subpart":"C","section":"4.34"}}],"corrective_action":"(b) revised","error_corrected":"2011-02-07","error_occurred":"2010-10-18","fr_citation":"75 FR 55430","position":1,"display_in_toc":false,"title":17,"year":2011,"last_modified":"2021-12-22"},{"id":985,"cfr_references":[{"cfr_reference":"17 CFR Part 230","hierarchy":{"title":"17","chapter":"II","part":"230"}}],"corrective_action":"(e)(2) Note restored","error_corrected":"2011-03-22","error_occurred":"2010-04-01","fr_citation":"54 FR 11372","position":2,"display_in_toc":false,"title":17,"year":2011,"last_modified":"2021-12-22"},{"id":1147,"cfr_references":[{"cfr_reference":"17 CFR Part 240","hierarchy":{"title":"17","chapter":"II","part":"240"}}],"corrective_action":"Authority citation revised","error_corrected":"2012-06-19","error_occurred":"2011-07-16","fr_citation":"76 FR 34590","position":1,"display_in_toc":false,"title":17,"year":2012,"last_modified":"2021-12-22"},{"id":1148,"cfr_references":[{"cfr_reference":"17 CFR 240.14a-4","hierarchy":{"title":"17","chapter":"II","part":"240","section":"240.14a-4"}}],"corrective_action":"(b)(1) corrected","error_corrected":"2012-03-26","error_occurred":"2011-04-04","fr_citation":"76 FR 6045","position":2,"display_in_toc":false,"title":17,"year":2012,"last_modified":"2021-12-22"},{"id":1149,"cfr_references":[{"cfr_reference":"17 CFR 240.15Ba2-6T","hierarchy":{"title":"17","section":"240.15Ba2-6T"}}],"corrective_action":"Amended","error_corrected":"2012-06-19","error_occurred":"2011-12-31","fr_citation":"76 FR 80735","position":3,"display_in_toc":false,"title":17,"year":2012,"last_modified":"2021-12-22"},{"id":1150,"cfr_references":[{"cfr_reference":"17 CFR 249.1300T","hierarchy":{"title":"17","chapter":"II","part":"249","subpart":"N","section":"249.1300T"}}],"corrective_action":"Subpart N added","error_corrected":"2012-09-12","error_occurred":"2012-07-18","fr_citation":"77 FR 42176","position":4,"display_in_toc":false,"title":17,"year":2012,"last_modified":"2021-12-22"},{"id":1276,"cfr_references":[{"cfr_reference":"17 CFR Part 38","hierarchy":{"title":"17","chapter":"I","part":"38"}}],"corrective_action":"Removed appendix C","error_corrected":"2013-05-24","error_occurred":"2012-08-20","fr_citation":"77 FR 36717","position":1,"display_in_toc":false,"title":17,"year":2013,"last_modified":"2021-12-22"},{"id":1277,"cfr_references":[{"cfr_reference":"17 CFR 40.7","hierarchy":{"title":"17","chapter":"I","part":"40","section":"40.7"}}],"corrective_action":"Amended","error_corrected":"2013-05-01","error_occurred":"2013-04-16","fr_citation":"78 FR 22419","position":2,"display_in_toc":false,"title":17,"year":2013,"last_modified":"2021-12-22"},{"id":1278,"cfr_references":[{"cfr_reference":"17 CFR 240.12h-1","hierarchy":{"title":"17","chapter":"II","part":"240","subject_group":"ECFR181272acb481cc1","section":"240.12h-1"}}],"corrective_action":"(i) reinstated","error_corrected":"2013-03-15","error_occurred":"2013-02-15","fr_citation":"76 FR 2209","position":3,"display_in_toc":false,"title":17,"year":2013,"last_modified":"2021-12-22"},{"id":1519,"cfr_references":[{"cfr_reference":"17 CFR 9.2","hierarchy":{"title":"17","chapter":"I","part":"9","subpart":"A","section":"9.2"}}],"corrective_action":"(h) amended","error_corrected":"2014-01-16","error_occurred":"2013-04-16","fr_citation":"78 FR 22419","position":1,"display_in_toc":false,"title":17,"year":2014,"last_modified":"2021-12-22"},{"id":1520,"cfr_references":[{"cfr_reference":"17 CFR 9.26","hierarchy":{"title":"17","chapter":"I","part":"9","subpart":"C","section":"9.26"}}],"corrective_action":"Amended","error_corrected":"2014-01-16","error_occurred":"2013-04-16","fr_citation":"78 FR 22419","position":2,"display_in_toc":false,"title":17,"year":2014,"last_modified":"2021-12-22"},{"id":1521,"cfr_references":[{"cfr_reference":"17 CFR 9.31","hierarchy":{"title":"17","chapter":"I","part":"9","subpart":"D","section":"9.31"}}],"corrective_action":"(a) amended","error_corrected":"2014-01-16","error_occurred":"2013-04-16","fr_citation":"78 FR 22419","position":3,"display_in_toc":false,"title":17,"year":2014,"last_modified":"2021-12-22"},{"id":1678,"cfr_references":[{"cfr_reference":"17 CFR 240.15Ga-2","hierarchy":{"title":"17","chapter":"II","part":"240","subject_group":"ECFR4594b28bbb3a5d5","section":"240.15Ga-2"}}],"corrective_action":"Corrected","error_corrected":"2015-04-10","error_occurred":"2014-10-14","fr_citation":"79 FR 61576","position":1,"display_in_toc":false,"title":17,"year":2015,"last_modified":"2021-12-22"},{"id":2022,"cfr_references":[{"cfr_reference":"17 CFR Part 211","hierarchy":{"title":"17","chapter":"II","part":"211"}}],"corrective_action":"Subpart B table amended","error_corrected":"2017-12-04","error_occurred":"2017-08-29","fr_citation":"82 FR 41146","position":1,"display_in_toc":false,"title":17,"year":2017,"last_modified":"2021-12-22"},{"id":2023,"cfr_references":[{"cfr_reference":"17 CFR 232.301","hierarchy":{"title":"17","chapter":"II","part":"232","subject_group":"ECFRd7d61c154ee5265","section":"232.301"}}],"corrective_action":"Link added","error_corrected":"2017-11-16","error_occurred":"2016-11-18","fr_citation":"81 FR 82019","position":2,"display_in_toc":false,"title":17,"year":2017,"last_modified":"2021-12-22"},{"id":2266,"cfr_references":[{"cfr_reference":"17 CFR 229.601","hierarchy":{"title":"17","chapter":"II","part":"229","subpart":"229.600","section":"229.601"}}],"corrective_action":"(c) removed","error_corrected":"2018-11-08","error_occurred":"2018-11-05","fr_citation":"83 FR 50211","position":1,"display_in_toc":false,"title":17,"year":2018,"last_modified":"2021-12-22"},{"id":2354,"cfr_references":[{"cfr_reference":"17 CFR 1.3","hierarchy":{"title":"17","chapter":"I","part":"1","subject_group":"ECFR893b3e8e94c8047","section":"1.3"}}],"corrective_action":"(4)(i)(C) added","error_corrected":"2019-05-03","error_occurred":"2019-04-01","fr_citation":"84 FR 12466","position":1,"display_in_toc":false,"title":17,"year":2019,"last_modified":"2021-12-22"},{"id":2355,"cfr_references":[{"cfr_reference":"17 CFR 229.302","hierarchy":{"title":"17","chapter":"II","part":"229","subpart":"229.300","section":"229.302"}}],"corrective_action":"(c) corrected","error_corrected":"2019-02-07","error_occurred":"2018-11-05","fr_citation":"83 FR 50210","position":2,"display_in_toc":false,"title":17,"year":2019,"last_modified":"2021-12-22"},{"id":2356,"cfr_references":[{"cfr_reference":"17 CFR 229.601","hierarchy":{"title":"17","chapter":"II","part":"229","subpart":"229.600","section":"229.601"}}],"corrective_action":"Entry (4) to the exhibit\ntable in paragraph (a) corrected","error_corrected":"2019-06-14","error_occurred":"2019-05-02","fr_citation":"84 FR 12717","position":3,"display_in_toc":false,"title":17,"year":2019,"last_modified":"2021-12-22"},{"id":2357,"cfr_references":[{"cfr_reference":"17 CFR 229.801","hierarchy":{"title":"17","chapter":"II","part":"229","subpart":"229.800","section":"229.801"}}],"corrective_action":"(g) reinstated","error_corrected":"2019-04-04","error_occurred":"2018-12-26","fr_citation":"83 FR 66448","position":4,"display_in_toc":false,"title":17,"year":2019,"last_modified":"2021-12-22"},{"id":2358,"cfr_references":[{"cfr_reference":"17 CFR 229.802","hierarchy":{"title":"17","chapter":"II","part":"229","subpart":"229.800","section":"229.802"}}],"corrective_action":"(g) reinstated","error_corrected":"2019-04-04","error_occurred":"2018-12-26","fr_citation":"83 FR 66448","position":5,"display_in_toc":false,"title":17,"year":2019,"last_modified":"2021-12-22"},{"id":2359,"cfr_references":[{"cfr_reference":"17 CFR 270.30d-1","hierarchy":{"title":"17","chapter":"II","part":"270","section":"270.30d-1"}}],"corrective_action":"Links restored","error_corrected":"2019-05-10","error_occurred":"2018-06-01","fr_citation":"82 FR 58731","position":6,"display_in_toc":false,"title":17,"year":2019,"last_modified":"2021-12-22"},{"id":2360,"cfr_references":[{"cfr_reference":"17 CFR 404.2","hierarchy":{"title":"17","chapter":"IV","subchapter":"A","part":"404","section":"404.2"}}],"corrective_action":"(b)(4) amended","error_corrected":"2019-05-13","error_occurred":"2019-01-01","fr_citation":"83 FR 66616","position":7,"display_in_toc":false,"title":17,"year":2019,"last_modified":"2021-12-22"},{"id":2600,"cfr_references":[{"cfr_reference":"17 CFR Part 39","hierarchy":{"title":"17","chapter":"I","part":"39"}}],"corrective_action":"Appendix B revised","error_corrected":"2020-02-11","error_occurred":"2020-01-27","fr_citation":"85 FR 4891","position":1,"display_in_toc":false,"title":17,"year":2020,"last_modified":"2021-12-22"},{"id":2601,"cfr_references":[{"cfr_reference":"17 CFR 255.20","hierarchy":{"title":"17","chapter":"II","part":"255","subpart":"D","section":"255.20"}}],"corrective_action":"Link restored","error_corrected":"2020-09-25","error_occurred":"2020-07-31","fr_citation":"85 FR 46522","position":2,"display_in_toc":false,"title":17,"year":2020,"last_modified":"2021-12-22"},{"id":2602,"cfr_references":[{"cfr_reference":"17 CFR Part 270","hierarchy":{"title":"17","chapter":"II","part":"270"}}],"corrective_action":"270.6e-3 revised","error_corrected":"2020-07-13","error_occurred":"2020-07-01","fr_citation":"85 FR 26105","position":3,"display_in_toc":false,"title":17,"year":2020,"last_modified":"2021-12-22"},{"id":3547,"cfr_references":[{"cfr_reference":"17 CFR 201.193","hierarchy":{"title":"17","chapter":"II","part":"201","subpart":"D","subject_group":"ECFRebb493a28b42e29","section":"201.193"}}],"corrective_action":"(f) corrected","error_corrected":"2021-05-14","error_occurred":"2021-01-29","fr_citation":"85 FR 86478","position":1,"display_in_toc":false,"title":17,"year":2021,"last_modified":"2021-12-22"},{"id":3548,"cfr_references":[{"cfr_reference":"17 CFR 227.204","hierarchy":{"title":"17","chapter":"II","part":"227","subpart":"B","section":"227.204"}}],"corrective_action":"(b)(2) restored","error_corrected":"2021-06-04","error_occurred":"2021-03-15","fr_citation":"86 FR 3592","position":2,"display_in_toc":false,"title":17,"year":2021,"last_modified":"2021-12-22"},{"id":3549,"cfr_references":[{"cfr_reference":"17 CFR 227.304","hierarchy":{"title":"17","chapter":"II","part":"227","subpart":"C","section":"227.304"}}],"corrective_action":"(e)(2)(i) amended","error_corrected":"2021-02-04","error_occurred":"2021-01-14","fr_citation":"86 FR 3592","position":3,"display_in_toc":false,"title":17,"year":2021,"last_modified":"2021-12-22"},{"id":3550,"cfr_references":[{"cfr_reference":"17 CFR 230.251","hierarchy":{"title":"17","chapter":"II","part":"230","subject_group":"ECFR68d879261fb42fb","section":"230.251"}}],"corrective_action":"(e)(2), (b)(7) and (c) reinstated","error_corrected":"2021-02-04","error_occurred":"2021-01-14","fr_citation":"86 FR 3596","position":4,"display_in_toc":false,"title":17,"year":2021,"last_modified":"2021-12-22"},{"id":3551,"cfr_references":[{"cfr_reference":"17 CFR 240.15Fb1-1","hierarchy":{"title":"17","chapter":"II","part":"240","subject_group":"ECFR4594b28bbb3a5d5","section":"240.15Fb1-1"}}],"corrective_action":"1st (d) correctly removed","error_corrected":"2021-08-12","error_occurred":"2020-12-04","fr_citation":"85 FR 78229","position":5,"display_in_toc":false,"title":17,"year":2021,"last_modified":"2021-12-22"},{"id":3552,"cfr_references":[{"cfr_reference":"17 CFR 242.608","hierarchy":{"title":"17","chapter":"II","part":"242","subject_group":"ECFRac68bdd026a46db","section":"242.608"}}],"corrective_action":"First (b)(2) removed","error_corrected":"2021-04-05","error_occurred":"2020-11-16","fr_citation":"85 FR 65497","position":6,"display_in_toc":false,"title":17,"year":2021,"last_modified":"2021-12-22"},{"id":3553,"cfr_references":[{"cfr_reference":"17 CFR 242.1000","hierarchy":{"title":"17","chapter":"II","part":"242","subpart":"ECFRe106e84e67e2bc9","section":"242.1000"}}],"corrective_action":"Definition of \"SCI alternative trading system or SCI ATS\" reinstated","error_corrected":"2021-08-17","error_occurred":"2021-06-08","fr_citation":"86 FR 18814","position":7,"display_in_toc":false,"title":17,"year":2021,"last_modified":"2021-12-22"},{"id":3735,"cfr_references":[{"cfr_reference":"17 CFR 240.13h-l","hierarchy":{"title":"17","chapter":"II","part":"240","section":"240.13h-l"}}],"corrective_action":"Section 240.13h-l is redesignated as § 240.13h-1","error_corrected":"2022-04-15","error_occurred":"2021-06-09","fr_citation":"86 FR 18809","position":1,"display_in_toc":false,"title":17,"year":2022,"last_modified":"2022-04-18"},{"id":3766,"cfr_references":[{"cfr_reference":"17 CFR 240.17a-12","hierarchy":{"title":"17","chapter":"II","part":"240","subject_group":"ECFR17722751b422db3","section":"240.17a-12"}}],"corrective_action":"  (i)(2) reinstated           ","error_corrected":"2022-07-25","error_occurred":"2021-06-11","fr_citation":"86 FR 31116","position":2,"display_in_toc":false,"title":17,"year":2022,"last_modified":"2022-07-26"},{"id":3691,"cfr_references":[{"cfr_reference":"17 CFR 242.600","hierarchy":{"title":"17","chapter":"II","part":"242","subject_group":"ECFRac68bdd026a46db","section":"242.600"}}],"corrective_action":"(b)(54) through (b)(58) correctly redesignated","error_corrected":"2022-01-05","error_occurred":"2021-06-08","fr_citation":"86 FR 18810","position":3,"display_in_toc":false,"title":17,"year":2022,"last_modified":"2022-07-26"},{"id":3924,"cfr_references":[{"cfr_reference":"17 CFR 230.498","hierarchy":{"title":"17","chapter":"II","part":"230","subject_group":"ECFR503bf91e47b67cd","section":"230.498"}}],"corrective_action":"(f)(2) amended","error_corrected":"2023-05-30","error_occurred":"2023-03-24","fr_citation":"88 FR 17710","position":1,"display_in_toc":false,"title":17,"year":2023,"last_modified":"2023-05-31"},{"id":4068,"cfr_references":[{"cfr_reference":"17 CFR 232.405","hierarchy":{"title":"17","chapter":"II","part":"232","subject_group":"ECFR6529c71dfe2cdfb","section":"232.405"}}],"corrective_action":"(a)(4) corrected","error_corrected":"2024-03-11","error_occurred":"2024-02-13","fr_citation":"88 FR 87283","position":1,"display_in_toc":false,"title":17,"year":2024,"last_modified":"2024-03-12"},{"id":4181,"cfr_references":[{"cfr_reference":"17 CFR 232.405","hierarchy":{"title":"17","chapter":"II","part":"232","subject_group":"ECFR6529c71dfe2cdfb","section":"232.405"}}],"corrective_action":"(b)(4)(iv) removed and reserved","error_corrected":"2024-07-11","error_occurred":"2024-04-08","fr_citation":"89 FR 24374","position":2,"display_in_toc":false,"title":17,"year":2024,"last_modified":"2024-07-12"},{"id":4280,"cfr_references":[{"cfr_reference":"17 CFR Part 210","hierarchy":{"title":"17","chapter":"II","part":"210"}}],"corrective_action":"210.14-01 and 210.14-02 correctly placed in part 210","error_corrected":"2025-01-23","error_occurred":"2024-03-28","fr_citation":"89 FR 21912","position":1,"display_in_toc":false,"title":17,"year":2025,"last_modified":"2025-01-24"},{"id":4277,"cfr_references":[{"cfr_reference":"17 CFR 275.204(b)–1","hierarchy":{"title":"17","section":"275.204(b)–1"}}],"corrective_action":"(f)(2)(i) and (3) correctly revised","error_corrected":"2025-01-22","error_occurred":"2024-06-14","fr_citation":"88 FR 38202","position":2,"display_in_toc":false,"title":17,"year":2025,"last_modified":"2025-01-24"}]}