{"ecfr_corrections":[{"id":123,"cfr_references":[{"cfr_reference":"18 CFR Part 349","hierarchy":{"title":"18","chapter":"I","subchapter":"P","part":"349"}}],"corrective_action":"Added","error_corrected":"2006-05-09","error_occurred":"2006-03-29","fr_citation":"71 FR 0708","position":1,"display_in_toc":false,"title":18,"year":2006,"last_modified":"2021-12-22"},{"id":261,"cfr_references":[{"cfr_reference":"18 CFR 366.21","hierarchy":{"title":"18","chapter":"I","subchapter":"U","part":"366","subpart":"B","section":"366.21"}}],"corrective_action":"Revised","error_corrected":"2007-03-06","error_occurred":"2006-06-15","fr_citation":"71 FR 28457","position":1,"display_in_toc":false,"title":18,"year":2007,"last_modified":"2021-12-22"},{"id":411,"cfr_references":[{"cfr_reference":"18 CFR 157.206","hierarchy":{"title":"18","chapter":"I","subchapter":"E","part":"157","subpart":"F","section":"157.206"}}],"corrective_action":"(b)(5)(i) revised","error_corrected":"2008-02-20","error_occurred":"2007-11-07","fr_citation":"72 FR 37436","position":1,"display_in_toc":false,"title":18,"year":2008,"last_modified":"2021-12-22"},{"id":2267,"cfr_references":[{"cfr_reference":"18 CFR Part 1301","hierarchy":{"title":"18","chapter":"XIII","part":"1301"}}],"corrective_action":"Subpart A revised","error_corrected":"2018-03-19","error_occurred":"2017-11-08","fr_citation":"82 FR 41511, 82 FR 51757","position":1,"display_in_toc":false,"title":18,"year":2018,"last_modified":"2021-12-22"},{"id":3875,"cfr_references":[{"cfr_reference":"18 CFR 381.505","hierarchy":{"title":"18","chapter":"I","subchapter":"W","part":"381","subpart":"E","section":"381.505"}}],"corrective_action":"Corrected\r\n\r\n  \r\n","error_corrected":"2023-03-03","error_occurred":"2023-03-02","fr_citation":"88 FR 6165","position":1,"display_in_toc":false,"title":18,"year":2023,"last_modified":"2023-03-06"},{"id":4284,"cfr_references":[{"cfr_reference":"18 CFR Part 101","hierarchy":{"title":"18","chapter":"I","subchapter":"C","part":"101"}}],"corrective_action":"Account 163 restored","error_corrected":"2025-02-10","error_occurred":"2025-01-01","fr_citation":"88 FR 69315","position":1,"display_in_toc":false,"title":18,"year":2025,"last_modified":"2025-02-11"}]}