{"ecfr_corrections":[{"id":84,"cfr_references":[{"cfr_reference":"9 CFR 312.8","hierarchy":{"title":"9","chapter":"III","subchapter":"A","part":"312","section":"312.8"}}],"corrective_action":"Correct illustration inserted","error_corrected":"2006-03-10","error_occurred":"1997-01-01","fr_citation":"9 CFR 312.8","position":1,"display_in_toc":false,"title":9,"year":2006,"last_modified":"2021-12-22"},{"id":85,"cfr_references":[{"cfr_reference":"9 CFR 312.10","hierarchy":{"title":"9","chapter":"III","subchapter":"A","part":"312","section":"312.10"}}],"corrective_action":"Correct illustration inserted","error_corrected":"2006-03-10","error_occurred":"1997-01-01","fr_citation":"9 CFR 312.10","position":2,"display_in_toc":false,"title":9,"year":2006,"last_modified":"2021-12-22"},{"id":1125,"cfr_references":[{"cfr_reference":"9 CFR Part 55","hierarchy":{"title":"9","chapter":"I","subchapter":"B","part":"55"}}],"corrective_action":"Authority citation revised","error_corrected":"2012-08-27","error_occurred":"2012-08-13","fr_citation":"77 FR 35565","position":1,"display_in_toc":false,"title":9,"year":2012,"last_modified":"2021-12-22"},{"id":1126,"cfr_references":[{"cfr_reference":"9 CFR 55.1","hierarchy":{"title":"9","chapter":"I","subchapter":"B","part":"55","section":"55.1"}}],"corrective_action":"Amended","error_corrected":"2012-08-27","error_occurred":"2012-08-13","fr_citation":"77 FR 35565","position":2,"display_in_toc":false,"title":9,"year":2012,"last_modified":"2021-12-22"},{"id":1127,"cfr_references":[{"cfr_reference":"9 CFR --55.25","hierarchy":{"title":"9","section":"--55.25"}}],"corrective_action":"Subpart B added","error_corrected":"2012-08-27","error_occurred":"2012-08-13","fr_citation":"77 FR 35565","position":3,"display_in_toc":false,"title":9,"year":2012,"last_modified":"2021-12-22"},{"id":1128,"cfr_references":[{"cfr_reference":"9 CFR Part 81","hierarchy":{"title":"9","chapter":"I","subchapter":"C","part":"81"}}],"corrective_action":"Added","error_corrected":"2012-08-27","error_occurred":"2012-08-13","fr_citation":"77 FR 35565","position":4,"display_in_toc":false,"title":9,"year":2012,"last_modified":"2021-12-22"},{"id":2257,"cfr_references":[{"cfr_reference":"9 CFR 145.14","hierarchy":{"title":"9","chapter":"I","subchapter":"G","part":"145","subpart":"A","section":"145.14"}}],"corrective_action":"Introductory text amended","error_corrected":"2018-07-20","error_occurred":"2018-07-19","fr_citation":"83 FR 28352","position":1,"display_in_toc":false,"title":9,"year":2018,"last_modified":"2021-12-22"},{"id":2578,"cfr_references":[{"cfr_reference":"9 CFR 2.153","hierarchy":{"title":"9","chapter":"I","subchapter":"A","part":"2","subpart":"J","section":"2.153"}}],"corrective_action":"Corrected","error_corrected":"2020-11-10","error_occurred":"2020-11-09","fr_citation":"85 FR 28798","position":1,"display_in_toc":false,"title":9,"year":2020,"last_modified":"2021-12-22"},{"id":2579,"cfr_references":[{"cfr_reference":"9 CFR Chapter II","hierarchy":{"title":"9","chapter":"II"}}],"corrective_action":"Chapter heading corrected","error_corrected":"2020-01-28","error_occurred":"2019-10-03","fr_citation":"84 FR 45647","position":2,"display_in_toc":false,"title":9,"year":2020,"last_modified":"2021-12-22"},{"id":2580,"cfr_references":[{"cfr_reference":"9 CFR 327.2","hierarchy":{"title":"9","chapter":"III","subchapter":"A","part":"327","section":"327.2"}}],"corrective_action":"(c) removed","error_corrected":"2020-01-13","error_occurred":"2019-12-27","fr_citation":"84 FR 65268","position":3,"display_in_toc":false,"title":9,"year":2020,"last_modified":"2021-12-22"},{"id":3139,"cfr_references":[{"cfr_reference":"9 CFR 590.5","hierarchy":{"title":"9","chapter":"III","subchapter":"I","part":"590","subpart":"A","subject_group":"ECFRf8ffc3c9e29ef89","section":"590.5"}}],"corrective_action":"Definition of \"Regional Director\" removed","error_corrected":"2021-03-11","error_occurred":"2020-12-28","fr_citation":"85 FR 68673","position":1,"display_in_toc":false,"title":9,"year":2021,"last_modified":"2021-12-22"},{"id":4058,"cfr_references":[{"cfr_reference":"9 CFR 201.200","hierarchy":{"title":"9","chapter":"II","part":"201","subpart":"N","section":"201.200"}}],"corrective_action":"Heading revised","error_corrected":"2024-02-26","error_occurred":"2023-07-24","fr_citation":"88 FR 41022","position":1,"display_in_toc":false,"title":9,"year":2024,"last_modified":"2024-02-27"}]}