{"ecfr_corrections":[{"id":75,"cfr_references":[{"cfr_reference":"5 CFR 5501.104","hierarchy":{"title":"5","chapter":"XLV","part":"5501","section":"5501.104"}}],"corrective_action":"(b)(1) Note added","error_corrected":"2006-02-24","error_occurred":"2005-02-03","fr_citation":"70 FR 5558","position":1,"display_in_toc":false,"title":5,"year":2006,"last_modified":"2021-12-22"},{"id":379,"cfr_references":[{"cfr_reference":"5 CFR 536.103","hierarchy":{"title":"5","chapter":"I","subchapter":"B","part":"536","subpart":"A","section":"536.103"}}],"corrective_action":"Definition amended","error_corrected":"2008-12-09","error_occurred":"2008-12-08","fr_citation":"73 FR 66154","position":1,"display_in_toc":false,"title":5,"year":2008,"last_modified":"2021-12-22"},{"id":380,"cfr_references":[{"cfr_reference":"5 CFR 3201.103","hierarchy":{"title":"5","chapter":"XXII","part":"3201","section":"3201.103"}}],"corrective_action":"Revised","error_corrected":"2008-02-26","error_occurred":"2007-05-18","fr_citation":"72 FR 19380","position":2,"display_in_toc":false,"title":5,"year":2008,"last_modified":"2021-12-22"},{"id":799,"cfr_references":[{"cfr_reference":"5 CFR Part 532","hierarchy":{"title":"5","chapter":"I","subchapter":"B","part":"532"}}],"corrective_action":"App. C amended","error_corrected":"2010-02-04","error_occurred":"2009-05-04","fr_citation":"74 FR 20405","position":1,"display_in_toc":false,"title":5,"year":2010,"last_modified":"2021-12-22"},{"id":948,"cfr_references":[{"cfr_reference":"5 CFR - 1600.38","hierarchy":{"title":"5","section":"- 1600.38"}}],"corrective_action":"Authority citation added","error_corrected":"2011-02-14","error_occurred":"2010-08-01","fr_citation":"75 FR 43800","position":1,"display_in_toc":false,"title":5,"year":2011,"last_modified":"2021-12-22"},{"id":1092,"cfr_references":[{"cfr_reference":"5 CFR Part 1605","hierarchy":{"title":"5","chapter":"VI","part":"1605"}}],"corrective_action":"Authority citation revised","error_corrected":"2012-06-04","error_occurred":"2012-05-07","fr_citation":"77 FR 26422","position":1,"display_in_toc":false,"title":5,"year":2012,"last_modified":"2021-12-22"},{"id":1093,"cfr_references":[{"cfr_reference":"5 CFR 1605.1","hierarchy":{"title":"5","chapter":"VI","part":"1605","subpart":"A","section":"1605.1"}}],"corrective_action":"(b) amended","error_corrected":"2012-06-04","error_occurred":"2012-05-07","fr_citation":"77 FR 26425","position":2,"display_in_toc":false,"title":5,"year":2012,"last_modified":"2021-12-22"},{"id":1094,"cfr_references":[{"cfr_reference":"5 CFR 1605.11","hierarchy":{"title":"5","chapter":"VI","part":"1605","subpart":"B","section":"1605.11"}}],"corrective_action":"Amended","error_corrected":"2012-06-04","error_occurred":"2012-05-07","fr_citation":"77 FR 26425","position":3,"display_in_toc":false,"title":5,"year":2012,"last_modified":"2021-12-22"},{"id":1095,"cfr_references":[{"cfr_reference":"5 CFR 1605.12","hierarchy":{"title":"5","chapter":"VI","part":"1605","subpart":"B","section":"1605.12"}}],"corrective_action":"(d)(1) revised","error_corrected":"2012-06-04","error_occurred":"2012-05-07","fr_citation":"77 FR 26425","position":4,"display_in_toc":false,"title":5,"year":2012,"last_modified":"2021-12-22"},{"id":1096,"cfr_references":[{"cfr_reference":"5 CFR 1605.14","hierarchy":{"title":"5","chapter":"VI","part":"1605","subpart":"B","section":"1605.14"}}],"corrective_action":"(b)(4) and (c)(3) amended","error_corrected":"2012-06-04","error_occurred":"2012-05-07","fr_citation":"77 FR 26426","position":5,"display_in_toc":false,"title":5,"year":2012,"last_modified":"2021-12-22"},{"id":1097,"cfr_references":[{"cfr_reference":"5 CFR 1605.15","hierarchy":{"title":"5","chapter":"VI","part":"1605","subpart":"B","section":"1605.15"}}],"corrective_action":"(d) added","error_corrected":"2012-06-04","error_occurred":"2012-05-07","fr_citation":"77 FR 26426","position":6,"display_in_toc":false,"title":5,"year":2012,"last_modified":"2021-12-22"},{"id":1098,"cfr_references":[{"cfr_reference":"5 CFR 1605.17","hierarchy":{"title":"5","chapter":"VI","part":"1605","subpart":"B","section":"1605.17"}}],"corrective_action":"Added","error_corrected":"2012-06-04","error_occurred":"2012-05-07","fr_citation":"77 FR 26426","position":7,"display_in_toc":false,"title":5,"year":2012,"last_modified":"2021-12-22"},{"id":1099,"cfr_references":[{"cfr_reference":"5 CFR Part 1650","hierarchy":{"title":"5","chapter":"VI","part":"1650"}}],"corrective_action":"Authority citation revised","error_corrected":"2012-06-04","error_occurred":"2012-05-07","fr_citation":"77 FR 26426","position":8,"display_in_toc":false,"title":5,"year":2012,"last_modified":"2021-12-22"},{"id":1100,"cfr_references":[{"cfr_reference":"5 CFR 1650.2","hierarchy":{"title":"5","chapter":"VI","part":"1650","subpart":"A","section":"1650.2"}}],"corrective_action":"Heading, (f), and (g) revised; (h) added","error_corrected":"2012-06-04","error_occurred":"2012-05-07","fr_citation":"77 FR 26426","position":9,"display_in_toc":false,"title":5,"year":2012,"last_modified":"2021-12-22"},{"id":1101,"cfr_references":[{"cfr_reference":"5 CFR 1650.11","hierarchy":{"title":"5","chapter":"VI","part":"1650","subpart":"B","section":"1650.11"}}],"corrective_action":"(c) amended","error_corrected":"2012-06-04","error_occurred":"2012-05-07","fr_citation":"77 FR 26426","position":10,"display_in_toc":false,"title":5,"year":2012,"last_modified":"2021-12-22"},{"id":1102,"cfr_references":[{"cfr_reference":"5 CFR 1650.14","hierarchy":{"title":"5","chapter":"VI","part":"1650","subpart":"B","section":"1650.14"}}],"corrective_action":"Amended","error_corrected":"2012-06-04","error_occurred":"2012-05-07","fr_citation":"77 FR 26426","position":11,"display_in_toc":false,"title":5,"year":2012,"last_modified":"2021-12-22"},{"id":1103,"cfr_references":[{"cfr_reference":"5 CFR 1650.23","hierarchy":{"title":"5","chapter":"VI","part":"1650","subpart":"C","section":"1650.23"}}],"corrective_action":"Revised","error_corrected":"2012-06-04","error_occurred":"2012-05-07","fr_citation":"77 FR 26427","position":12,"display_in_toc":false,"title":5,"year":2012,"last_modified":"2021-12-22"},{"id":1104,"cfr_references":[{"cfr_reference":"5 CFR 1650.24","hierarchy":{"title":"5","chapter":"VI","part":"1650","subpart":"C","section":"1650.24"}}],"corrective_action":"Revised","error_corrected":"2012-06-04","error_occurred":"2012-05-07","fr_citation":"77 FR 26427","position":13,"display_in_toc":false,"title":5,"year":2012,"last_modified":"2021-12-22"},{"id":1105,"cfr_references":[{"cfr_reference":"5 CFR 1650.25","hierarchy":{"title":"5","chapter":"VI","part":"1650","subpart":"C","section":"1650.25"}}],"corrective_action":"Added","error_corrected":"2012-06-04","error_occurred":"2012-05-07","fr_citation":"77 FR 26427","position":14,"display_in_toc":false,"title":5,"year":2012,"last_modified":"2021-12-22"},{"id":1106,"cfr_references":[{"cfr_reference":"5 CFR 1650.31","hierarchy":{"title":"5","chapter":"VI","part":"1650","subpart":"D","section":"1650.31"}}],"corrective_action":"(a) amended; (b) revised","error_corrected":"2012-06-04","error_occurred":"2012-05-07","fr_citation":"77 FR 26427","position":15,"display_in_toc":false,"title":5,"year":2012,"last_modified":"2021-12-22"},{"id":1107,"cfr_references":[{"cfr_reference":"5 CFR 1650.41","hierarchy":{"title":"5","chapter":"VI","part":"1650","subpart":"E","section":"1650.41"}}],"corrective_action":"Amended","error_corrected":"2012-06-04","error_occurred":"2012-05-07","fr_citation":"77 FR 26427","position":16,"display_in_toc":false,"title":5,"year":2012,"last_modified":"2021-12-22"},{"id":1108,"cfr_references":[{"cfr_reference":"5 CFR Part 1651","hierarchy":{"title":"5","chapter":"VI","part":"1651"}}],"corrective_action":"Authority citation revised","error_corrected":"2012-06-04","error_occurred":"2012-05-07","fr_citation":"77 FR 26427","position":17,"display_in_toc":false,"title":5,"year":2012,"last_modified":"2021-12-22"},{"id":1109,"cfr_references":[{"cfr_reference":"5 CFR 1651.3","hierarchy":{"title":"5","chapter":"VI","part":"1651","section":"1651.3"}}],"corrective_action":"(c)(8) added","error_corrected":"2012-06-04","error_occurred":"2012-05-07","fr_citation":"77 FR 26427","position":18,"display_in_toc":false,"title":5,"year":2012,"last_modified":"2021-12-22"},{"id":1110,"cfr_references":[{"cfr_reference":"5 CFR 1651.14","hierarchy":{"title":"5","chapter":"VI","part":"1651","section":"1651.14"}}],"corrective_action":"Amended","error_corrected":"2012-06-04","error_occurred":"2012-05-07","fr_citation":"77 FR 26427","position":19,"display_in_toc":false,"title":5,"year":2012,"last_modified":"2021-12-22"},{"id":1111,"cfr_references":[{"cfr_reference":"5 CFR 1651.17","hierarchy":{"title":"5","chapter":"VI","part":"1651","section":"1651.17"}}],"corrective_action":"(c) and (d) revised","error_corrected":"2012-06-04","error_occurred":"2012-05-07","fr_citation":"77 FR 26428","position":20,"display_in_toc":false,"title":5,"year":2012,"last_modified":"2021-12-22"},{"id":1112,"cfr_references":[{"cfr_reference":"5 CFR 1651.19","hierarchy":{"title":"5","chapter":"VI","part":"1651","section":"1651.19"}}],"corrective_action":"(c)(3) added; (m)(3) revised","error_corrected":"2012-06-04","error_occurred":"2012-05-07","fr_citation":"77 FR 26428","position":21,"display_in_toc":false,"title":5,"year":2012,"last_modified":"2021-12-22"},{"id":1113,"cfr_references":[{"cfr_reference":"5 CFR Part 1653","hierarchy":{"title":"5","chapter":"VI","part":"1653"}}],"corrective_action":"Authority citation revised","error_corrected":"2012-06-04","error_occurred":"2012-05-07","fr_citation":"77 FR 26428","position":22,"display_in_toc":false,"title":5,"year":2012,"last_modified":"2021-12-22"},{"id":1114,"cfr_references":[{"cfr_reference":"5 CFR 1653.2","hierarchy":{"title":"5","chapter":"VI","part":"1653","subpart":"A","section":"1653.2"}}],"corrective_action":"Amended","error_corrected":"2012-06-04","error_occurred":"2012-05-07","fr_citation":"77 FR 26428","position":23,"display_in_toc":false,"title":5,"year":2012,"last_modified":"2021-12-22"},{"id":1115,"cfr_references":[{"cfr_reference":"5 CFR 1653.3","hierarchy":{"title":"5","chapter":"VI","part":"1653","subpart":"A","section":"1653.3"}}],"corrective_action":"(f)(4)(iv) revised","error_corrected":"2012-06-04","error_occurred":"2012-05-07","fr_citation":"77 FR 26428","position":24,"display_in_toc":false,"title":5,"year":2012,"last_modified":"2021-12-22"},{"id":1116,"cfr_references":[{"cfr_reference":"5 CFR 1653.5","hierarchy":{"title":"5","chapter":"VI","part":"1653","subpart":"A","section":"1653.5"}}],"corrective_action":"(a)(1)(i), (d), and (e)(1) Revised; (m) and (n) added","error_corrected":"2012-06-04","error_occurred":"2012-05-07","fr_citation":"77 FR 26428","position":25,"display_in_toc":false,"title":5,"year":2012,"last_modified":"2021-12-22"},{"id":1117,"cfr_references":[{"cfr_reference":"5 CFR 1653.12","hierarchy":{"title":"5","chapter":"VI","part":"1653","subpart":"B","section":"1653.12"}}],"corrective_action":"(c)(2) revised; (c)(6) added","error_corrected":"2012-06-04","error_occurred":"2012-05-07","fr_citation":"77 FR 26429","position":26,"display_in_toc":false,"title":5,"year":2012,"last_modified":"2021-12-22"},{"id":1118,"cfr_references":[{"cfr_reference":"5 CFR Part 1655","hierarchy":{"title":"5","chapter":"VI","part":"1655"}}],"corrective_action":"Authority citation revised","error_corrected":"2012-06-04","error_occurred":"2012-05-07","fr_citation":"77 FR 26429","position":27,"display_in_toc":false,"title":5,"year":2012,"last_modified":"2021-12-22"},{"id":1119,"cfr_references":[{"cfr_reference":"5 CFR 1655.9","hierarchy":{"title":"5","chapter":"VI","part":"1655","section":"1655.9"}}],"corrective_action":"c) redesignated as (d) and revised; new (c) added","error_corrected":"2012-06-04","error_occurred":"2012-05-07","fr_citation":"77 FR 26429","position":28,"display_in_toc":false,"title":5,"year":2012,"last_modified":"2021-12-22"},{"id":1120,"cfr_references":[{"cfr_reference":"5 CFR 1655.10","hierarchy":{"title":"5","chapter":"VI","part":"1655","section":"1655.10"}}],"corrective_action":"(d) added","error_corrected":"2012-06-04","error_occurred":"2012-05-07","fr_citation":"77 FR 26429","position":29,"display_in_toc":false,"title":5,"year":2012,"last_modified":"2021-12-22"},{"id":1121,"cfr_references":[{"cfr_reference":"5 CFR 1655.15","hierarchy":{"title":"5","chapter":"VI","part":"1655","section":"1655.15"}}],"corrective_action":"(b) revised","error_corrected":"2012-06-04","error_occurred":"2012-05-07","fr_citation":"77 FR 26429","position":30,"display_in_toc":false,"title":5,"year":2012,"last_modified":"2021-12-22"},{"id":1122,"cfr_references":[{"cfr_reference":"5 CFR 1690.1","hierarchy":{"title":"5","chapter":"VI","part":"1690","subpart":"A","section":"1690.1"}}],"corrective_action":"Amended","error_corrected":"2012-06-04","error_occurred":"2012-05-07","fr_citation":"77 FR 26429","position":31,"display_in_toc":false,"title":5,"year":2012,"last_modified":"2021-12-22"},{"id":1255,"cfr_references":[{"cfr_reference":"5 CFR 1600.33","hierarchy":{"title":"5","chapter":"VI","part":"1600","subpart":"D","section":"1600.33"}}],"corrective_action":"Added","error_corrected":"2013-03-26","error_occurred":"2012-05-07","fr_citation":"77 FR 26424","position":1,"display_in_toc":false,"title":5,"year":2013,"last_modified":"2021-12-22"},{"id":1835,"cfr_references":[{"cfr_reference":"5 CFR Part 576","hierarchy":{"title":"5","chapter":"I","subchapter":"B","part":"576"}}],"corrective_action":"Authority citation revised","error_corrected":"2016-02-09","error_occurred":"2016-01-04","fr_citation":"80 FR 75786","position":1,"display_in_toc":false,"title":5,"year":2016,"last_modified":"2021-12-22"},{"id":1983,"cfr_references":[{"cfr_reference":"5 CFR 2.1","hierarchy":{"title":"5","chapter":"I","subchapter":"A","part":"2","section":"2.1"}}],"corrective_action":"(a) revised","error_corrected":"2017-07-03","error_occurred":"2017-01-23","fr_citation":"82 FR 8115","position":1,"display_in_toc":false,"title":5,"year":2017,"last_modified":"2021-12-22"},{"id":1984,"cfr_references":[{"cfr_reference":"5 CFR 5.2","hierarchy":{"title":"5","chapter":"I","subchapter":"A","part":"5","section":"5.2"}}],"corrective_action":"(a) revised","error_corrected":"2017-07-03","error_occurred":"2017-01-23","fr_citation":"82 FR 8115","position":2,"display_in_toc":false,"title":5,"year":2017,"last_modified":"2021-12-22"},{"id":1985,"cfr_references":[{"cfr_reference":"5 CFR 5.3","hierarchy":{"title":"5","chapter":"I","subchapter":"A","part":"5","section":"5.3"}}],"corrective_action":"(a)(1) amended","error_corrected":"2017-07-03","error_occurred":"2017-01-23","fr_citation":"82 FR 8115","position":3,"display_in_toc":false,"title":5,"year":2017,"last_modified":"2021-12-22"},{"id":1986,"cfr_references":[{"cfr_reference":"5 CFR 6.3","hierarchy":{"title":"5","chapter":"I","subchapter":"A","part":"6","section":"6.3"}}],"corrective_action":"(b) revised","error_corrected":"2017-07-03","error_occurred":"2017-01-23","fr_citation":"82 FR 8115","position":4,"display_in_toc":false,"title":5,"year":2017,"last_modified":"2021-12-22"},{"id":1987,"cfr_references":[{"cfr_reference":"5 CFR 250.204","hierarchy":{"title":"5","chapter":"I","subchapter":"B","part":"250","subpart":"B","section":"250.204"}}],"corrective_action":"Added","error_corrected":"2017-12-06","error_occurred":"2017-04-11","fr_citation":"81 FR 89365","position":5,"display_in_toc":false,"title":5,"year":2017,"last_modified":"2021-12-22"},{"id":1988,"cfr_references":[{"cfr_reference":"5 CFR 250.205","hierarchy":{"title":"5","chapter":"I","subchapter":"B","part":"250","subpart":"B","section":"250.205"}}],"corrective_action":"Added","error_corrected":"2017-12-06","error_occurred":"2017-04-11","fr_citation":"81 FR 89365","position":6,"display_in_toc":false,"title":5,"year":2017,"last_modified":"2021-12-22"},{"id":1989,"cfr_references":[{"cfr_reference":"5 CFR 250.206","hierarchy":{"title":"5","chapter":"I","subchapter":"B","part":"250","subpart":"B","section":"250.206"}}],"corrective_action":"Added","error_corrected":"2017-12-06","error_occurred":"2017-04-11","fr_citation":"81 FR 89365","position":7,"display_in_toc":false,"title":5,"year":2017,"last_modified":"2021-12-22"},{"id":1990,"cfr_references":[{"cfr_reference":"5 CFR 250.207","hierarchy":{"title":"5","chapter":"I","subchapter":"B","part":"250","subpart":"B","section":"250.207"}}],"corrective_action":"Added","error_corrected":"2017-12-06","error_occurred":"2017-04-11","fr_citation":"81 FR 89365","position":8,"display_in_toc":false,"title":5,"year":2017,"last_modified":"2021-12-22"},{"id":1991,"cfr_references":[{"cfr_reference":"5 CFR 250.208","hierarchy":{"title":"5","chapter":"I","subchapter":"B","part":"250","subpart":"B","section":"250.208"}}],"corrective_action":"Added","error_corrected":"2017-12-06","error_occurred":"2017-04-11","fr_citation":"81 FR 89365","position":9,"display_in_toc":false,"title":5,"year":2017,"last_modified":"2021-12-22"},{"id":1992,"cfr_references":[{"cfr_reference":"5 CFR 250.209","hierarchy":{"title":"5","chapter":"I","subchapter":"B","part":"250","subpart":"B","section":"250.209"}}],"corrective_action":"Added","error_corrected":"2017-12-06","error_occurred":"2017-04-11","fr_citation":"81 FR 89365","position":10,"display_in_toc":false,"title":5,"year":2017,"last_modified":"2021-12-22"},{"id":2251,"cfr_references":[{"cfr_reference":"5 CFR 2411.13","hierarchy":{"title":"5","chapter":"XIV","subchapter":"B","part":"2411","section":"2411.13"}}],"corrective_action":"Reinstate missing paragraph (i)","error_corrected":"2018-02-20","error_occurred":"2017-01-10","fr_citation":"74 FR 50674","position":1,"display_in_toc":false,"title":5,"year":2018,"last_modified":"2021-12-22"},{"id":2571,"cfr_references":[{"cfr_reference":"5 CFR 185.103","hierarchy":{"title":"5","chapter":"I","subchapter":"B","part":"185","section":"185.103"}}],"corrective_action":"Amended","error_corrected":"2020-09-10","error_occurred":"2020-08-13","fr_citation":"85 FR 42300","position":1,"display_in_toc":false,"title":5,"year":2020,"last_modified":"2021-12-22"},{"id":3122,"cfr_references":[{"cfr_reference":"5 CFR 6.2","hierarchy":{"title":"5","chapter":"I","subchapter":"A","part":"6","section":"6.2"}}],"corrective_action":"Revision of sections 6.2 and 6.4","error_corrected":"2021-10-13","error_occurred":"2021-05-19","fr_citation":"E.O. 14029, 86 FR 27025","position":1,"display_in_toc":false,"title":5,"year":2021,"last_modified":"2021-12-22"},{"id":3123,"cfr_references":[{"cfr_reference":"5 CFR Part 315","hierarchy":{"title":"5","chapter":"I","subchapter":"B","part":"315"}}],"corrective_action":"Remove duplicate entries from authority citation","error_corrected":"2021-03-02","error_occurred":"2020-11-16","fr_citation":"85 FR 65982","position":2,"display_in_toc":false,"title":5,"year":2021,"last_modified":"2021-12-22"},{"id":3124,"cfr_references":[{"cfr_reference":"5 CFR 531.603","hierarchy":{"title":"5","chapter":"I","subchapter":"B","part":"531","subpart":"F","section":"531.603"}}],"corrective_action":"(b) revised","error_corrected":"2021-01-21","error_occurred":"2020-11-16","fr_citation":"85 FR 65188","position":3,"display_in_toc":false,"title":5,"year":2021,"last_modified":"2021-12-22"},{"id":3861,"cfr_references":[{"cfr_reference":"5 CFR 531.603","hierarchy":{"title":"5","chapter":"I","subchapter":"B","part":"531","subpart":"F","section":"531.603"}}],"corrective_action":"(b) revised  \r\n\r\n","error_corrected":"2023-01-20","error_occurred":"2023-01-04","fr_citation":"87  FR 76105","position":1,"display_in_toc":false,"title":5,"year":2023,"last_modified":"2023-01-23"},{"id":4063,"cfr_references":[{"cfr_reference":"5 CFR 315.612","hierarchy":{"title":"5","chapter":"I","subchapter":"B","part":"315","subpart":"F","section":"315.612"}}],"corrective_action":"(h)(2) and (3) are revised and (h)(4) is removed","error_corrected":"2024-02-28","error_occurred":"2023-09-28","fr_citation":"88 FR 66678","position":1,"display_in_toc":false,"title":5,"year":2024,"last_modified":"2024-02-29"},{"id":4304,"cfr_references":[{"cfr_reference":"5 CFR 1650.31","hierarchy":{"title":"5","chapter":"VI","part":"1650","subpart":"D","section":"1650.31"}}],"corrective_action":"old (c) removed","error_corrected":"2025-03-12","error_occurred":"2024-05-15","fr_citation":"89 FR 18533","position":1,"display_in_toc":false,"title":5,"year":2025,"last_modified":"2025-03-13"}]}