{"ecfr_corrections":[{"id":21,"cfr_references":[{"cfr_reference":"33 CFR 110.183","hierarchy":{"title":"33","chapter":"I","subchapter":"I","part":"110","subpart":"B","section":"110.183"}}],"corrective_action":"(c), (d), and (e) removed","error_corrected":"2005-08-24","error_occurred":"2005-02-07","fr_citation":"70 FR 3621","position":1,"display_in_toc":false,"title":33,"year":2005,"last_modified":"2021-12-22"},{"id":22,"cfr_references":[{"cfr_reference":"33 CFR 117.287","hierarchy":{"title":"33","chapter":"I","subchapter":"J","part":"117","subpart":"B","subject_group":"ECFRa64b589b9ebae69","section":"117.287"}}],"corrective_action":"(g) suspended; (k) added","error_corrected":"2005-08-24","error_occurred":"2005-05-16","fr_citation":"70 FR 25782","position":2,"display_in_toc":false,"title":33,"year":2005,"last_modified":"2021-12-22"},{"id":153,"cfr_references":[{"cfr_reference":"33 CFR 104.400","hierarchy":{"title":"33","chapter":"I","subchapter":"H","part":"104","subpart":"D","section":"104.400"}}],"corrective_action":"(b) amended","error_corrected":"2006-05-23","error_occurred":"2005-12-21","fr_citation":"70 FR 75734","position":1,"display_in_toc":false,"title":33,"year":2006,"last_modified":"2021-12-22"},{"id":154,"cfr_references":[{"cfr_reference":"33 CFR 120.305","hierarchy":{"title":"33","section":"120.305"}}],"corrective_action":"(a) amended","error_corrected":"2006-05-23","error_occurred":"2005-12-21","fr_citation":"70 FR 75734","position":2,"display_in_toc":false,"title":33,"year":2006,"last_modified":"2021-12-22"},{"id":281,"cfr_references":[{"cfr_reference":"33 CFR 3.25-15","hierarchy":{"title":"33","chapter":"I","subchapter":"A","part":"3","subpart":"3.25","section":"3.25-15"}}],"corrective_action":"Revised","error_corrected":"2007-07-19","error_occurred":"2007-07-02","fr_citation":"72 FR 36320","position":1,"display_in_toc":false,"title":33,"year":2007,"last_modified":"2021-12-22"},{"id":282,"cfr_references":[{"cfr_reference":"33 CFR 110.60","hierarchy":{"title":"33","chapter":"I","subchapter":"I","part":"110","subpart":"A","section":"110.60"}}],"corrective_action":"(x) removed","error_corrected":"2007-10-30","error_occurred":"2007-08-16","fr_citation":"72 FR 45903","position":2,"display_in_toc":false,"title":33,"year":2007,"last_modified":"2021-12-22"},{"id":283,"cfr_references":[{"cfr_reference":"33 CFR 100.73","hierarchy":{"title":"33","section":"100.73"}}],"corrective_action":"Revised","error_corrected":"2007-06-11","error_occurred":"2007-01-19","fr_citation":"71 FR 76152","position":3,"display_in_toc":false,"title":33,"year":2007,"last_modified":"2021-12-22"},{"id":284,"cfr_references":[{"cfr_reference":"33 CFR 110.155","hierarchy":{"title":"33","chapter":"I","subchapter":"I","part":"110","subpart":"B","section":"110.155"}}],"corrective_action":"(c)(5)(vi), (d)(10)(ii), (11)(iii), (12)(iii), and (e)(1)(iii) added","error_corrected":"2007-06-11","error_occurred":"2007-03-15","fr_citation":"72 FR 6692","position":4,"display_in_toc":false,"title":33,"year":2007,"last_modified":"2021-12-22"},{"id":285,"cfr_references":[{"cfr_reference":"33 CFR 117.123","hierarchy":{"title":"33","chapter":"I","subchapter":"J","part":"117","subpart":"B","subject_group":"ECFR410188a12978ecf","section":"117.123"}}],"corrective_action":"Revised","error_corrected":"2007-06-11","error_occurred":"2007-01-08","fr_citation":"71 FR 70879","position":5,"display_in_toc":false,"title":33,"year":2007,"last_modified":"2021-12-22"},{"id":286,"cfr_references":[{"cfr_reference":"33 CFR 117.139","hierarchy":{"title":"33","chapter":"I","subchapter":"J","part":"117","subpart":"B","subject_group":"ECFR410188a12978ecf","section":"117.139"}}],"corrective_action":"(a) removed; (b) and (c) redesignated as (a) and (b)","error_corrected":"2007-06-11","error_occurred":"2007-01-08","fr_citation":"71 FR 70880","position":6,"display_in_toc":false,"title":33,"year":2007,"last_modified":"2021-12-22"},{"id":287,"cfr_references":[{"cfr_reference":"33 CFR 117.465","hierarchy":{"title":"33","chapter":"I","subchapter":"J","part":"117","subpart":"B","subject_group":"ECFRf336691b753e927","section":"117.465"}}],"corrective_action":"(a) introductory text revised; (b) through (f) redesignated as (c) through (g); new (b) added","error_corrected":"2007-06-11","error_occurred":"2007-01-22","fr_citation":"71 FR 76603","position":7,"display_in_toc":false,"title":33,"year":2007,"last_modified":"2021-12-22"},{"id":288,"cfr_references":[{"cfr_reference":"33 CFR 117.537","hierarchy":{"title":"33","chapter":"I","subchapter":"J","part":"117","subpart":"B","subject_group":"ECFRc7946c077d69783","section":"117.537"}}],"corrective_action":"Added","error_corrected":"2007-06-11","error_occurred":"2006-09-15","fr_citation":"71 FR 47098","position":8,"display_in_toc":false,"title":33,"year":2007,"last_modified":"2021-12-22"},{"id":289,"cfr_references":[{"cfr_reference":"33 CFR 117.733","hierarchy":{"title":"33","chapter":"I","subchapter":"J","part":"117","subpart":"B","subject_group":"ECFRa238b5b99559472","section":"117.733"}}],"corrective_action":"(a) removed; (b) through (j) redesignated as (a) through (i)","error_corrected":"2007-06-11","error_occurred":"2007-01-03","fr_citation":"71 FR 70311","position":9,"display_in_toc":false,"title":33,"year":2007,"last_modified":"2021-12-22"},{"id":290,"cfr_references":[{"cfr_reference":"33 CFR 117.797","hierarchy":{"title":"33","chapter":"I","subchapter":"J","part":"117","subpart":"B","subject_group":"ECFRf314fdb81fd0dd5","section":"117.797"}}],"corrective_action":"(a) revised","error_corrected":"2007-06-11","error_occurred":"2007-01-03","fr_citation":"71 FR 70312","position":10,"display_in_toc":false,"title":33,"year":2007,"last_modified":"2021-12-22"},{"id":291,"cfr_references":[{"cfr_reference":"33 CFR 165.1403","hierarchy":{"title":"33","chapter":"I","subchapter":"P","part":"165","subpart":"F","subject_group":"ECFR42e834bbba93470","section":"165.1403"}}],"corrective_action":"Link added","error_corrected":"2007-11-23","error_occurred":"2007-11-21","fr_citation":"72 FR 65460","position":11,"display_in_toc":false,"title":33,"year":2007,"last_modified":"2021-12-22"},{"id":450,"cfr_references":[{"cfr_reference":"33 CFR 117.397","hierarchy":{"title":"33","chapter":"I","subchapter":"J","part":"117","subpart":"B","subject_group":"ECFR96c88535c1b8c6c","section":"117.397"}}],"corrective_action":"Reinstated","error_corrected":"2007-01-29","error_occurred":"2002-07-01","fr_citation":"84 FR 17452","position":12,"display_in_toc":false,"title":33,"year":2007,"last_modified":"2021-12-22"},{"id":449,"cfr_references":[{"cfr_reference":"33 CFR 110.188","hierarchy":{"title":"33","chapter":"I","subchapter":"I","part":"110","subpart":"B","section":"110.188"}}],"corrective_action":"(b)(11) amended","error_corrected":"2008-08-11","error_occurred":"2007-07-02","fr_citation":"72 FR 36328","position":1,"display_in_toc":false,"title":33,"year":2008,"last_modified":"2021-12-22"},{"id":451,"cfr_references":[{"cfr_reference":"33 CFR 402.8","hierarchy":{"title":"33","chapter":"IV","part":"402","section":"402.8"}}],"corrective_action":"Revised","error_corrected":"2008-03-04","error_occurred":"2007-03-02","fr_citation":"72 FR 4431","position":2,"display_in_toc":false,"title":33,"year":2008,"last_modified":"2021-12-22"},{"id":703,"cfr_references":[{"cfr_reference":"33 CFR Part 151","hierarchy":{"title":"33","chapter":"I","subchapter":"O","part":"151"}}],"corrective_action":"Authority citation revised","error_corrected":"2009-08-20","error_occurred":"2008-09-29","fr_citation":"73 FR 56498","position":1,"display_in_toc":false,"title":33,"year":2009,"last_modified":"2021-12-22"},{"id":704,"cfr_references":[{"cfr_reference":"33 CFR 157.43","hierarchy":{"title":"33","chapter":"I","subchapter":"O","part":"157","subpart":"C","section":"157.43"}}],"corrective_action":"(b) introductory text amended","error_corrected":"2009-08-20","error_occurred":"2009-03-17","fr_citation":"74 FR 3382","position":2,"display_in_toc":false,"title":33,"year":2009,"last_modified":"2021-12-22"},{"id":854,"cfr_references":[{"cfr_reference":"33 CFR 100.35","hierarchy":{"title":"33","chapter":"I","subchapter":"G","part":"100","subpart":"A","section":"100.35"}}],"corrective_action":"Removed","error_corrected":"2010-07-25","error_occurred":"2009-09-05","fr_citation":"74 FR 35119","position":1,"display_in_toc":false,"title":33,"year":2010,"last_modified":"2021-12-22"},{"id":855,"cfr_references":[{"cfr_reference":"33 CFR 165.769","hierarchy":{"title":"33","chapter":"I","subchapter":"P","part":"165","subpart":"F","subject_group":"ECFR1d3218c816ae52e","section":"165.769"}}],"corrective_action":"Added","error_corrected":"2010-02-08","error_occurred":"2008-05-28","fr_citation":"73 FR 30562","position":2,"display_in_toc":false,"title":33,"year":2010,"last_modified":"2021-12-22"},{"id":999,"cfr_references":[{"cfr_reference":"33 CFR 117.869","hierarchy":{"title":"33","chapter":"I","subchapter":"J","part":"117","subpart":"B","subject_group":"ECFR9c5f9599e04fdfc","section":"117.869"}}],"corrective_action":"(d) removed","error_corrected":"2011-03-29","error_occurred":"2010-07-01","fr_citation":"69 FR 7684","position":1,"display_in_toc":false,"title":33,"year":2011,"last_modified":"2021-12-22"},{"id":1000,"cfr_references":[{"cfr_reference":"33 CFR 140.101","hierarchy":{"title":"33","chapter":"I","subchapter":"N","part":"140","subpart":"B","section":"140.101"}}],"corrective_action":"(d) amended","error_corrected":"2011-10-17","error_occurred":"2011-06-02","fr_citation":"76 FR 31837","position":2,"display_in_toc":false,"title":33,"year":2011,"last_modified":"2021-12-22"},{"id":1001,"cfr_references":[{"cfr_reference":"33 CFR 140.103","hierarchy":{"title":"33","chapter":"I","subchapter":"N","part":"140","subpart":"B","section":"140.103"}}],"corrective_action":"(b) and (c) amended","error_corrected":"2011-10-17","error_occurred":"2011-06-02","fr_citation":"76 FR 31837","position":3,"display_in_toc":false,"title":33,"year":2011,"last_modified":"2021-12-22"},{"id":1002,"cfr_references":[{"cfr_reference":"33 CFR Part 165","hierarchy":{"title":"33","chapter":"I","subchapter":"P","part":"165"}}],"corrective_action":"Removed","error_corrected":"2011-07-19","error_occurred":"2011-07-18","fr_citation":"76 FR 34857","position":4,"display_in_toc":false,"title":33,"year":2011,"last_modified":"2021-12-22"},{"id":1003,"cfr_references":[{"cfr_reference":"33 CFR Part 165","hierarchy":{"title":"33","chapter":"I","subchapter":"P","part":"165"}}],"corrective_action":"Removed","error_corrected":"2011-08-26","error_occurred":"2011-08-12","fr_citation":"76 FR 41074","position":5,"display_in_toc":false,"title":33,"year":2011,"last_modified":"2021-12-22"},{"id":1166,"cfr_references":[{"cfr_reference":"33 CFR 66.10-1","hierarchy":{"title":"33","chapter":"I","subchapter":"C","part":"66","subpart":"66.10","section":"66.10-1"}}],"corrective_action":"(b) reinstated","error_corrected":"2012-09-11","error_occurred":"2012-06-21","fr_citation":"77 FR 37312","position":1,"display_in_toc":false,"title":33,"year":2012,"last_modified":"2021-12-22"},{"id":1168,"cfr_references":[{"cfr_reference":"33 CFR Part 165","hierarchy":{"title":"33","chapter":"I","subchapter":"P","part":"165"}}],"corrective_action":"Removed","error_corrected":"2012-12-05","error_occurred":"2012-11-30","fr_citation":"77 FR 13974","position":2,"display_in_toc":false,"title":33,"year":2012,"last_modified":"2021-12-22"},{"id":1170,"cfr_references":[{"cfr_reference":"33 CFR Part 165","hierarchy":{"title":"33","chapter":"I","subchapter":"P","part":"165"}}],"corrective_action":"Removed","error_corrected":"2012-12-05","error_occurred":"2012-11-30","fr_citation":"77 FR 1022","position":3,"display_in_toc":false,"title":33,"year":2012,"last_modified":"2021-12-22"},{"id":1288,"cfr_references":[{"cfr_reference":"33 CFR Part 147","hierarchy":{"title":"33","chapter":"I","subchapter":"N","part":"147"}}],"corrective_action":"Removed","error_corrected":"2013-01-02","error_occurred":"2012-12-01","fr_citation":"77 FR 38722","position":1,"display_in_toc":false,"title":33,"year":2013,"last_modified":"2021-12-22"},{"id":1289,"cfr_references":[{"cfr_reference":"33 CFR 148.232","hierarchy":{"title":"33","chapter":"I","subchapter":"NN","part":"148","subpart":"C","subject_group":"ECFR6c1932ddb8b8878","section":"148.232"}}],"corrective_action":"(a) amended","error_corrected":"2013-09-16","error_occurred":"2013-07-01","fr_citation":"78 FR 39177","position":2,"display_in_toc":false,"title":33,"year":2013,"last_modified":"2021-12-22"},{"id":1290,"cfr_references":[{"cfr_reference":"33 CFR 162.205","hierarchy":{"title":"33","chapter":"I","subchapter":"P","part":"162","section":"162.205"}}],"corrective_action":"(c) removed","error_corrected":"2013-02-08","error_occurred":"2013-01-23","fr_citation":"78 FR 4788","position":3,"display_in_toc":false,"title":33,"year":2013,"last_modified":"2021-12-22"},{"id":1291,"cfr_references":[{"cfr_reference":"33 CFR Part 165","hierarchy":{"title":"33","chapter":"I","subchapter":"P","part":"165"}}],"corrective_action":"Added","error_corrected":"2013-01-08","error_occurred":"2012-12-13","fr_citation":"77 FR 67568","position":4,"display_in_toc":false,"title":33,"year":2013,"last_modified":"2021-12-22"},{"id":1542,"cfr_references":[{"cfr_reference":"33 CFR Part 165","hierarchy":{"title":"33","chapter":"I","subchapter":"P","part":"165"}}],"corrective_action":"Removed","error_corrected":"2014-05-14","error_occurred":"2014-04-30","fr_citation":"78 FR 29651","position":1,"display_in_toc":false,"title":33,"year":2014,"last_modified":"2021-12-22"},{"id":1714,"cfr_references":[{"cfr_reference":"33 CFR 3.35-35","hierarchy":{"title":"33","chapter":"I","subchapter":"A","part":"3","subpart":"3.35","section":"3.35-35"}}],"corrective_action":"Corrected","error_corrected":"2015-09-02","error_occurred":"2015-07-27","fr_citation":"80 FR 44278","position":1,"display_in_toc":false,"title":33,"year":2015,"last_modified":"2021-12-22"},{"id":1715,"cfr_references":[{"cfr_reference":"33 CFR Part 164","hierarchy":{"title":"33","chapter":"I","subchapter":"P","part":"164"}}],"corrective_action":"Authority citation revised","error_corrected":"2015-03-02","error_occurred":"2015-01-30","fr_citation":"80 FR 5334","position":2,"display_in_toc":false,"title":33,"year":2015,"last_modified":"2021-12-22"},{"id":1716,"cfr_references":[{"cfr_reference":"33 CFR Part 165","hierarchy":{"title":"33","chapter":"I","subchapter":"P","part":"165"}}],"corrective_action":"Removed","error_corrected":"2015-04-15","error_occurred":"2014-12-31","fr_citation":"77 FR 73919","position":3,"display_in_toc":false,"title":33,"year":2015,"last_modified":"2021-12-22"},{"id":1884,"cfr_references":[{"cfr_reference":"33 CFR 149.410","hierarchy":{"title":"33","chapter":"I","subchapter":"NN","part":"149","subpart":"D","subject_group":"ECFR344b0bd80fadfd0","section":"149.410"}}],"corrective_action":"Revised","error_corrected":"2016-09-14","error_occurred":"2016-08-22","fr_citation":"81 FR 48244","position":1,"display_in_toc":false,"title":33,"year":2016,"last_modified":"2021-12-22"},{"id":2126,"cfr_references":[{"cfr_reference":"33 CFR 165.841","hierarchy":{"title":"33","chapter":"I","subchapter":"P","part":"165","subpart":"F","subject_group":"ECFR03fc8f5c885e515","section":"165.841"}}],"corrective_action":"Removed","error_corrected":"2017-01-10","error_occurred":"2016-12-31","fr_citation":"81 FR 77597","position":1,"display_in_toc":false,"title":33,"year":2017,"last_modified":"2021-12-22"},{"id":2127,"cfr_references":[{"cfr_reference":"33 CFR Part 165","hierarchy":{"title":"33","chapter":"I","subchapter":"P","part":"165"}}],"corrective_action":"Removed","error_corrected":"2017-08-14","error_occurred":"2017-07-14","fr_citation":"82 FR 25518","position":2,"display_in_toc":false,"title":33,"year":2017,"last_modified":"2021-12-22"},{"id":2288,"cfr_references":[{"cfr_reference":"33 CFR 117.219","hierarchy":{"title":"33","chapter":"I","subchapter":"J","part":"117","subpart":"B","subject_group":"ECFR5a7ab8bf6a9622b","section":"117.219"}}],"corrective_action":"(b) revised","error_corrected":"2018-03-06","error_occurred":"2018-02-28","fr_citation":"83 FR 3963","position":1,"display_in_toc":false,"title":33,"year":2018,"last_modified":"2021-12-22"},{"id":2619,"cfr_references":[{"cfr_reference":"33 CFR 117.829","hierarchy":{"title":"33","chapter":"I","subchapter":"J","part":"117","subpart":"B","subject_group":"ECFRf9f5eb3aa137a6f","section":"117.829"}}],"corrective_action":"(a)(5) added","error_corrected":"2020-03-11","error_occurred":"2020-02-13","fr_citation":"85 FR 8175","position":1,"display_in_toc":false,"title":33,"year":2020,"last_modified":"2021-12-22"},{"id":2620,"cfr_references":[{"cfr_reference":"33 CFR 165.171","hierarchy":{"title":"33","chapter":"I","subchapter":"P","part":"165","subpart":"F","subject_group":"ECFRa719ff2d2483bc3","section":"165.171"}}],"corrective_action":"Revised","error_corrected":"2020-07-02","error_occurred":"2020-06-25","fr_citation":"85 FR 31369","position":2,"display_in_toc":false,"title":33,"year":2020,"last_modified":"2021-12-22"},{"id":3762,"cfr_references":[{"cfr_reference":"33 CFR 117.897","hierarchy":{"title":"33","chapter":"I","subchapter":"J","part":"117","subpart":"B","subject_group":"ECFR9c5f9599e04fdfc","section":"117.897"}}],"corrective_action":"(c)(3)(iv) suspended; (c)(3)(vi) added; eff. through 5-31-23","error_corrected":"2022-07-06","error_occurred":"2022-04-01","fr_citation":"87 FR 10311","position":1,"display_in_toc":false,"title":33,"year":2022,"last_modified":"2022-07-08"},{"id":3699,"cfr_references":[{"cfr_reference":"33 CFR 138.80","hierarchy":{"title":"33","chapter":"I","subchapter":"M","part":"138","subpart":"A","section":"138.80"}},{"cfr_reference":"33 CFR 138.90","hierarchy":{"title":"33","chapter":"I","subchapter":"M","part":"138","subpart":"A","section":"138.90"}},{"cfr_reference":"33 CFR 138.100","hierarchy":{"title":"33","chapter":"I","subchapter":"M","part":"138","subpart":"A","section":"138.100"}},{"cfr_reference":"33 CFR 138.110","hierarchy":{"title":"33","chapter":"I","subchapter":"M","part":"138","subpart":"A","section":"138.110"}}],"corrective_action":"Remove duplicate sections","error_corrected":"2022-01-13","error_occurred":"2022-01-03","fr_citation":"86 FR 68143","position":2,"display_in_toc":false,"title":33,"year":2022,"last_modified":"2022-07-08"},{"id":3759,"cfr_references":[{"cfr_reference":"33 CFR 165.506","hierarchy":{"title":"33","chapter":"I","subchapter":"P","part":"165","subpart":"F","subject_group":"ECFR49f7ddd845e2fbd","section":"165.506"}}],"corrective_action":" Add entries 12 and 13 to table 3 to paragraph (h) (3) corrected                    ","error_corrected":"2022-06-24","error_occurred":"2022-06-13","fr_citation":"87 FR 29228","position":3,"display_in_toc":false,"title":33,"year":2022,"last_modified":"2022-07-08"},{"id":3707,"cfr_references":[{"cfr_reference":"33 CFR Part 165 Subpart F","hierarchy":{"title":"33","chapter":"I","subchapter":"P","part":"165","subpart":"F"}}],"corrective_action":"Undesignated heading \"Eighth Coast Guard District\" reinstated","error_corrected":"2022-01-27","error_occurred":"2021-07-12","fr_citation":"86 FR 13655","position":4,"display_in_toc":false,"title":33,"year":2022,"last_modified":"2022-07-08"},{"id":3708,"cfr_references":[{"cfr_reference":"33 CFR 165.801","hierarchy":{"title":"33","chapter":"I","subchapter":"P","part":"165","subpart":"F","subject_group":"ECFR8907e56c2953c2e","section":"165.801"}}],"corrective_action":"Remove duplicate Table 1","error_corrected":"2022-01-27","error_occurred":"2021-05-18","fr_citation":"86 FR 26839","position":5,"display_in_toc":false,"title":33,"year":2022,"last_modified":"2022-07-08"},{"id":4195,"cfr_references":[{"cfr_reference":"33 CFR 100.501","hierarchy":{"title":"33","chapter":"I","subchapter":"G","part":"100","subpart":"C","section":"100.501"}}],"corrective_action":"Table 4 corrected","error_corrected":"2024-08-12","error_occurred":"2024-08-08","fr_citation":"89 FR 56207","position":1,"display_in_toc":false,"title":33,"year":2024,"last_modified":"2024-08-13"},{"id":4132,"cfr_references":[{"cfr_reference":"33 CFR 117.183","hierarchy":{"title":"33","chapter":"I","subchapter":"J","part":"117","subpart":"B","subject_group":"ECFRed22715ac37fecf","section":"117.183"}}],"corrective_action":"Temporary stay lifted and EFFDNOT removed","error_corrected":"2024-06-04","error_occurred":"2024-05-31","fr_citation":"89 FR 16690","position":2,"display_in_toc":false,"title":33,"year":2024,"last_modified":"2024-08-13"},{"id":4133,"cfr_references":[{"cfr_reference":"33 CFR 117.T184","hierarchy":{"title":"33","chapter":"I","subchapter":"J","part":"117","subpart":"B","subject_group":"ECFRed22715ac37fecf","section":"117.T184"}}],"corrective_action":"Temporary section and EFFDNOT removed","error_corrected":"2024-06-04","error_occurred":"2024-05-31","fr_citation":"89 FR 16690","position":3,"display_in_toc":false,"title":33,"year":2024,"last_modified":"2024-08-13"},{"id":4040,"cfr_references":[{"cfr_reference":"33 CFR 147.T01-0073","hierarchy":{"title":"33","part":"147","section":"147.T01-0073"}}],"corrective_action":"Added","error_corrected":"2024-01-30","error_occurred":"2024-01-01","fr_citation":"88 FR 87718","position":4,"display_in_toc":false,"title":33,"year":2024,"last_modified":"2024-08-13"},{"id":4218,"cfr_references":[{"cfr_reference":"33 CFR Part 149","hierarchy":{"title":"33","chapter":"I","subchapter":"NN","part":"149"}}],"corrective_action":"Authority citation revised","error_corrected":"2024-10-24","error_occurred":"2024-10-18","fr_citation":"89 FR 76694","position":5,"display_in_toc":false,"title":33,"year":2024,"last_modified":"2024-10-28"},{"id":4217,"cfr_references":[{"cfr_reference":"33 CFR 149.410","hierarchy":{"title":"33","chapter":"I","subchapter":"NN","part":"149","subpart":"D","subject_group":"ECFR344b0bd80fadfd0","section":"149.410"}}],"corrective_action":"Section heading and introductory text revised","error_corrected":"2024-10-24","error_occurred":"2024-10-18","fr_citation":"89 FR 76694","position":6,"display_in_toc":false,"title":33,"year":2024,"last_modified":"2024-10-28"},{"id":4180,"cfr_references":[{"cfr_reference":"33 CFR 165.T08-0413","hierarchy":{"title":"33","chapter":"I","subchapter":"P","part":"165","subpart":"F","subject_group":"ECFRadb4f2de039ae09","section":"165.T08-0413"}}],"corrective_action":"Correctly added","error_corrected":"2024-07-08","error_occurred":"2024-06-27","fr_citation":"89 FR 53492","position":7,"display_in_toc":false,"title":33,"year":2024,"last_modified":"2024-10-25"},{"id":4104,"cfr_references":[{"cfr_reference":"33 CFR 165.T08-0713","hierarchy":{"title":"33","chapter":"I","subchapter":"P","part":"165","subpart":"F","subject_group":"ECFR9d8c582797f410b","section":"165.T08-0713"}}],"corrective_action":"(b)(1) corrected","error_corrected":"2024-04-22","error_occurred":"2024-04-19","fr_citation":"89 FR 28640","position":8,"display_in_toc":false,"title":33,"year":2024,"last_modified":"2024-10-25"},{"id":4103,"cfr_references":[{"cfr_reference":"33 CFR 165.521","hierarchy":{"title":"33","chapter":"I","subchapter":"P","part":"165","subpart":"F","subject_group":"ECFR2c10b77c439c1d3","section":"165.521"}}],"corrective_action":"Added","error_corrected":"2024-04-22","error_occurred":"2024-04-19","fr_citation":"89 FR 19734","position":9,"display_in_toc":false,"title":33,"year":2024,"last_modified":"2024-10-25"},{"id":4190,"cfr_references":[{"cfr_reference":"33 CFR 165.834","hierarchy":{"title":"33","chapter":"I","subchapter":"P","part":"165","subpart":"F","subject_group":"ECFRadb4f2de039ae09","section":"165.834"}}],"corrective_action":"Added","error_corrected":"2024-08-06","error_occurred":"2024-07-31","fr_citation":"89 FR 54352","position":10,"display_in_toc":false,"title":33,"year":2024,"last_modified":"2024-10-25"},{"id":4199,"cfr_references":[{"cfr_reference":"33 CFR 165.1713","hierarchy":{"title":"33","chapter":"I","subchapter":"P","part":"165","subpart":"F","subject_group":"ECFR224961413e17a8f","section":"165.1713"}}],"corrective_action":"Revised","error_corrected":"2024-09-06","error_occurred":"2024-08-30","fr_citation":"89 FR 61348","position":11,"display_in_toc":false,"title":33,"year":2024,"last_modified":"2024-10-25"},{"id":4320,"cfr_references":[{"cfr_reference":"33 CFR 117.723","hierarchy":{"title":"33","chapter":"I","subchapter":"J","part":"117","subpart":"B","subject_group":"ECFRa238b5b99559472","section":"117.723"}}],"corrective_action":"(e) incorrectly revised prior to effective date","error_corrected":"2025-04-25","error_occurred":"2025-04-15","fr_citation":"90 FR 13702","position":1,"display_in_toc":false,"title":33,"year":2025,"last_modified":"2025-04-28"}]}