{"ecfr_corrections":[{"id":323,"cfr_references":[{"cfr_reference":"44 CFR 64.4","hierarchy":{"title":"44","chapter":"I","subchapter":"B","part":"64","section":"64.4"}}],"corrective_action":"(b) text reinstated","error_corrected":"2007-09-28","error_occurred":"1985-10-01","fr_citation":"50 FR 12345","position":1,"display_in_toc":false,"title":44,"year":2007,"last_modified":"2021-12-22"},{"id":1047,"cfr_references":[{"cfr_reference":"44 CFR Part 17","hierarchy":{"title":"44","chapter":"I","subchapter":"A","part":"17"}}],"corrective_action":"Removed","error_corrected":"2011-07-26","error_occurred":"2011-03-28","fr_citation":"76 FR 10208","position":1,"display_in_toc":false,"title":44,"year":2011,"last_modified":"2021-12-22"},{"id":1048,"cfr_references":[{"cfr_reference":"44 CFR Part 61","hierarchy":{"title":"44","chapter":"I","subchapter":"B","part":"61"}}],"corrective_action":"App. A(2) amended","error_corrected":"2011-08-19","error_occurred":"2011-03-14","fr_citation":"76 FR 7510","position":2,"display_in_toc":false,"title":44,"year":2011,"last_modified":"2021-12-22"},{"id":3857,"cfr_references":[{"cfr_reference":"44 CFR Chapter I Subchapter E","hierarchy":{"title":"44","chapter":"I","subchapter":"E"}}],"corrective_action":"Subchapter E heading revised","error_corrected":"2023-01-09","error_occurred":"2022-11-14","fr_citation":"87 FR 68097","position":1,"display_in_toc":false,"title":44,"year":2023,"last_modified":"2023-05-26"}]}